userId,num_hotels_reviewed,num_ratings
Nguyễn,160,160
Nguyen,142,142
Minh,131,131
Thi,123,123
Thanh,112,112
Anh,97,97
Kim,97,97
Ngoc,93,93
Linh,88,88
Lê,85,85
Trần,83,83
Le,81,81
Phuong,80,80
Huy,80,80
Trang,79,79
Hoàng,79,79
Thị,78,78
Tuan,74,74
Hoang,73,73
Thu,72,72
Mai,72,72
Tran,71,71
Quang,70,70
Duy,70,70
NGUYEN,69,69
Ngọc,67,67
Van,62,62
Trung,62,62
Phan,61,61
Thảo,60,60
Duc,58,58
Thao,58,58
Pham,57,57
Thuy,57,57
Phạm,57,57
Dung,56,56
Phương,52,52
Vu,52,52
Hung,51,51
Hà,49,49
THI,47,47
Long,47,47
An,47,47
Viet,45,45
Hong,45,45
Ha,45,45
Dương,45,45
Giang,44,44
KIM,44,44
Lan,44,44
My,43,43
David,43,43
Quynh,42,42
Hai,42,42
Huong,42,42
Nam,42,42
Vinh,40,40
nguyen,40,40
Vũ,39,39
Dinh,39,39
Vy,38,38
Võ,38,38
Trinh,38,38
Tuấn,37,37
Lee,37,37
Duong,37,37
Huynh,36,36
Hien,36,36
Nga,36,36
Truong,36,36
Hoa,35,35
Michael,34,34
John,34,34
Văn,34,34
LEE,34,34
Chi,33,33
Yen,33,33
Dang,33,33
Huỳnh,33,33
Vân,33,33
Hồng,33,33
NGUYỄN,33,33
Huyen,33,33
Thành,33,33
Quoc,32,32
Sang,32,32
Nhi,32,32
Yến,31,31
Đức,31,31
Do,31,31
Khanh,31,31
Hải,30,30
Đỗ,30,30
thi,30,30
Khánh,30,30
Nguyên,29,29
Bui,29,29
THANH,29,29
Thai,28,28
Xuan,28,28
TRAN,28,28
Daniel,28,28
Hang,28,28
Quỳnh,27,27
Bao,27,27
Dũng,27,27
Phong,27,27
Trương,26,26
Hanh,26,26
Bảo,26,26
Khoa,26,26
LE,26,26
nguyễn,26,26
Ly,26,26
Bùi,26,26
Peter,26,26
Hạnh,26,26
Như,25,25
Oanh,25,25
kim,25,25
Châu,25,25
Doan,25,25
Nhung,24,24
Gia,24,24
Thomas,24,24
Hieu,23,23
Binh,23,23
Son,23,23
Tien,23,23
Lâm,23,23
Ngân,23,23
Uyên,23,23
Hiền,23,23
Tam,23,23
Quốc,22,22
Alex,22,22
Hương,22,22
Andrew,22,22
Lam,22,22
Chau,22,22
Đặng,22,22
Ngô,22,22
Manh,22,22
Khang,21,21
Hiếu,21,21
Xuân,21,21
Tram,21,21
Phuc,21,21
Park,21,21
Cuong,21,21
Vo,21,21
Huu,21,21
Cao,21,21
Tri,21,21
Robert,21,21
Huyền,21,21
Thuỷ,21,21
Mỹ,20,20
James,20,20
Vi,20,20
Hao,20,20
thanh,20,20
Tiến,20,20
Mark,20,20
Dao,20,20
vu,20,20
Hồ,20,20
Han,20,20
PHAM,20,20
Ngan,20,20
Bình,19,19
Hoài,19,19
JI,19,19
Đinh,19,19
Tan,19,19
Uyen,19,19
Loc,19,19
pham,19,19
NGOC,19,19
Tùng,19,19
Truc,19,19
Paul,19,19
Hằng,19,19
Steven,19,19
Mạnh,18,18
Luu,18,18
VAN,18,18
Wing,18,18
Anna,18,18
Dong,18,18
Đào,18,18
Tu,18,18
Thắng,18,18
Sơn,18,18
Loan,17,17
Tuyen,17,17
Tú,17,17
tran,17,17
Hữu,17,17
Tâm,17,17
Tấn,17,17
Ka,17,17
Trúc,17,17
Trong,17,17
Dieu,17,17
Young,17,17
Richard,17,17
Kevin,17,17
Nhật,17,17
Phi,16,16
Toan,16,16
Ngo,16,16
Thư,16,16
Hưng,16,16
PARK,16,16
LÊ,16,16
Nhu,16,16
Việt,16,16
Ho,16,16
Thiên,15,15
Trâm,15,15
Phước,15,15
Hùng,15,15
JAE,15,15
Thái,15,15
Chu,15,15
Lien,15,15
Thien,15,15
Stephen,15,15
Ji,15,15
Hue,15,15
CHOI,15,15
Tung,15,15
Nguyệt,15,15
van,14,14
lê,14,14
Tiên,14,14
Đoàn,14,14
Jason,14,14
Ánh,14,14
Hoai,14,14
Nhat,14,14
Dat,14,14
mai,14,14
linh,14,14
Kiều,14,14
le,14,14
Bích,14,14
Eun,14,14
Phung,14,14
Phu,14,14
Matthew,13,13
Phúc,13,13
Christopher,13,13
Tuyet,13,13
MINH,13,13
Wai,13,13
Duyen,13,13
EUN,13,13
Thang,13,13
Công,13,13
TRẦN,13,13
Kien,13,13
Thuan,13,13
Trường,13,13
Thùy,13,13
lee,13,13
Duyên,13,13
Trịnh,12,12
Quan,12,12
minh,12,12
JEONG,12,12
Nhân,12,12
Chris,12,12
anh,12,12
Tuyền,12,12
Michelle,12,12
Hậu,12,12
Martin,12,12
trang,12,12
HO,12,12
Trọng,12,12
Chun,12,12
Quý,12,12
Kieu,12,12
Nguyet,12,12
Đăng,12,12
ANH,12,12
Anthony,12,12
thuy,12,12
TAN,12,12
Thoa,12,12
Đạt,12,12
Tai,12,12
Hyun,12,12
Justin,12,12
Bich,12,12
Thiện,11,11
Nhan,11,11
choi,11,11
Jack,11,11
HOANG,11,11
THUY,11,11
ha,11,11
hong,11,11
Thủy,11,11
Khuong,11,11
Thúy,11,11
Hoi,11,11
Vuong,11,11
Đình,11,11
Elena,11,11
Min,11,11
Tuong,11,11
Chung,11,11
Hui,11,11
Mi,11,11
Tuyết,11,11
Quân,10,10
phuong,10,10
sang,10,10
ngoc,10,10
Chang,10,10
Sarah,10,10
Vương,10,10
Patrick,10,10
Sandra,10,10
Chí,10,10
HA,10,10
Trà,10,10
Diêm,10,10
Thuận,10,10
Lisa,10,10
Nghia,10,10
Quy,10,10
Thuý,10,10
Jiwon,9,9
Swee,9,9
hoang,9,9
Trân,9,9
Jin,9,9
Man,9,9
Ta,9,9
thu,9,9
Olga,9,9
Diệu,9,9
Lý,9,9
Patricia,9,9
Eric,9,9
Lim,9,9
Jenny,9,9
Pui,9,9
To,9,9
Thuỳ,9,9
Nghĩa,9,9
Dan,9,9
JUNG,9,9
jin,9,9
DINH,9,9
trần,9,9
Jang,9,9
Quyen,9,9
Lai,9,9
The,9,9
Chinh,9,9
Cường,9,9
Roman,9,9
Phuoc,9,9
PHUONG,9,9
Trí,9,9
Cong,9,9
Thy,9,9
Wendy,9,9
DANG,9,9
Quyên,9,9
TRUONG,8,8
Tài,8,8
Phùng,8,8
Thông,8,8
david,8,8
TAE,8,8
NGỌC,8,8
Yu,8,8
Sun,8,8
TIEN,8,8
Phát,8,8
NGO,8,8
Li,8,8
Ann,8,8
Julia,8,8
Hoan,8,8
Yong,8,8
MAI,8,8
Ana,8,8
QUANG,8,8
john,8,8
Phú,8,8
SANG,8,8
Ting,8,8
PHAN,8,8
Ben,8,8
Bach,8,8
Alice,8,8
Tony,8,8
THU,8,8
Emma,8,8
Anton,8,8
Philip,8,8
Jessica,8,8
Jung,8,8
Tân,8,8
Julie,8,8
JUN,8,8
Maria,8,8
VU,8,8
Vincent,8,8
Sung,8,8
KANG,8,8
Kiet,8,8
hieu,8,8
Ivan,8,8
Sharon,8,8
William,8,8
Định,7,7
Keith,7,7
Chen,7,7
Andrea,7,7
Diệp,7,7
PHẠM,7,7
Su,7,7
Jennifer,7,7
Tin,7,7
Francis,7,7
Andreas,7,7
HUNG,7,7
SUJIN,7,7
SO,7,7
HAN,7,7
Woo,7,7
Linda,7,7
Ching,7,7
Kelly,7,7
CHUN,7,7
HWANG,7,7
Helen,7,7
quang,7,7
Huệ,7,7
Lương,7,7
Diem,7,7
Gabriel,7,7
Bá,7,7
Choi,7,7
hyunjin,7,7
Charles,7,7
TRUNG,7,7
Thach,7,7
Eunji,7,7
IN,7,7
Jean,7,7
Kai,7,7
TRANG,7,7
Thịnh,7,7
young,7,7
Alexander,7,7
Tsz,7,7
hang,7,7
Yee,7,7
Jan,7,7
DONG,7,7
DO,7,7
Elizabeth,7,7
song,7,7
Luong,7,7
Ekaterina,7,7
an,7,7
Moon,7,7
WAI,7,7
huy,7,7
Cẩm,7,7
SEONG,7,7
Liên,7,7
Jieun,7,7
Nina,7,7
Khoi,7,7
Phat,7,7
HAI,7,7
Karen,7,7
Frank,7,7
Diep,7,7
Toàn,7,7
SUNG,7,7
HYE,6,6
NHON,6,6
Soyeon,6,6
HUU,6,6
Hoàn,6,6
Diễm,6,6
peter,6,6
BUI,6,6
hung,6,6
Jo,6,6
Phụng,6,6
tu,6,6
Rebecca,6,6
Nghi,6,6
Phillip,6,6
Tracy,6,6
Jonathan,6,6
park,6,6
Jeffrey,6,6
Jihye,6,6
seung,6,6
Ksenia,6,6
Ahreum,6,6
Lưu,6,6
Kiên,6,6
lan,6,6
Huan,6,6
Kelvin,6,6
DAT,6,6
LIEN,6,6
Erin,6,6
HONG,6,6
Ling,6,6
YANG,6,6
Kyung,6,6
Nick,6,6
ahmed,6,6
May,6,6
Joo,6,6
QUOC,6,6
thao,6,6
Yuki,6,6
Aleksei,6,6
khanh,6,6
ngọc,6,6
JIWON,6,6
Seung,6,6
Artem,6,6
June,6,6
JINWOO,6,6
EUNMI,6,6
Neil,6,6
SHIN,6,6
Hiệp,6,6
Sean,6,6
Jun,6,6
Phượng,6,6
Muhammad,6,6
jihyun,6,6
Dylan,6,6
Erik,6,6
Hòa,6,6
Kiệt,6,6
OH,6,6
Sam,6,6
Brian,6,6
Khương,6,6
YOUNG,6,6
Emily,6,6
Jiyoung,6,6
Tiffany,6,6
Tạ,6,6
hiroshi,6,6
JIEUN,6,6
Wang,6,6
NAM,6,6
Chan,6,6
Jae,6,6
EUNYOUNG,6,6
Annie,6,6
Ty,6,6
SEUNG,6,6
duy,6,6
Hanna,6,6
Julian,6,6
Jimmy,6,6
Jeong,6,6
Marie,6,6
Ju,6,6
DUY,6,6
XUAN,6,6
Ai,6,6
nhu,6,6
Tina,6,6
Mina,6,6
Danh,6,6
Thuong,6,6
Di,6,6
son,6,6
quynh,6,6
VO,6,6
Yun,6,6
Ian,6,6
min,6,6
yu,6,6
PHUOC,6,6
Hye,6,6
Henry,6,6
PHUNG,6,6
Nhut,6,6
LAM,6,6
HOA,6,6
H,6,6
Hau,6,6
Jay,6,6
JIHYE,6,6
trâm,5,5
ANNA,5,5
Scott,5,5
BICH,5,5
Cho,5,5
Steve,5,5
Amanda,5,5
Sze,5,5
Danielle,5,5
tuan,5,5
Song,5,5
Trevor,5,5
nam,5,5
Celine,5,5
Khải,5,5
SOHEE,5,5
Rose,5,5
Jordan,5,5
duc,5,5
chang,5,5
SOO,5,5
võ,5,5
Lộc,5,5
Du,5,5
KWANG,5,5
Aleksandr,5,5
Thế,5,5
DUC,5,5
kwon,5,5
Tracey,5,5
Melissa,5,5
LI,5,5
Trieu,5,5
Ng,5,5
Hwang,5,5
Melanie,5,5
viet,5,5
Hường,5,5
Jessie,5,5
BAO,5,5
Hy,5,5
MI,5,5
Tuyến,5,5
So,5,5
SU,5,5
Cam,5,5
DOAN,5,5
Mei,5,5
Chong,5,5
QUYNH,5,5
SEULGI,5,5
vy,5,5
CHONG,5,5
Nicole,5,5
Amy,5,5
Edward,5,5
THẢO,5,5
Cindy,5,5
trung,5,5
Simon,5,5
huynh,5,5
tien,5,5
Tra,5,5
HYUN,5,5
Irene,5,5
Thong,5,5
uyen,5,5
Stewart,5,5
Alan,5,5
phuc,5,5
Tín,5,5
minji,5,5
JANG,5,5
jieun,5,5
Yuk,5,5
YUJIN,5,5
Khai,5,5
Adam,5,5
Yuen,5,5
HUY,5,5
Bang,5,5
tan,5,5
my,5,5
Bee,5,5
EUNKYUNG,5,5
hai,5,5
EUNA,5,5
Na,5,5
TAM,5,5
MIN,5,5
Maxim,5,5
DAHYE,5,5
Rachel,5,5
SUN,5,5
Olivia,5,5
MINJI,5,5
Louis,5,5
Sinh,5,5
Pavel,5,5
Chiến,5,5
LUONG,5,5
christopher,5,5
vo,5,5
Sin,5,5
jeong,5,5
bao,5,5
Hiep,5,5
MINYOUNG,5,5
quyen,5,5
Harry,5,5
Andy,5,5
Soyoung,5,5
Kenneth,5,5
Cheng,5,5
Aaron,5,5
Khuyen,5,5
JONG,5,5
phong,5,5
PUI,5,5
jae,5,5
CHANG,5,5
YUN,5,5
YU,5,5
Thinh,5,5
NG,5,5
EUNJI,5,5
YUMI,5,5
dahye,5,5
Lieu,5,5
ngo,5,5
Kwok,5,5
Ying,5,5
Leslie,5,5
cao,5,5
Jon,5,5
Liem,5,5
Kin,4,4
Yves,4,4
Nadezhda,4,4
Lucas,4,4
kyunghee,4,4
jinhee,4,4
CHUNG,4,4
Igor,4,4
Yeji,4,4
JEONGMIN,4,4
Shaun,4,4
hanh,4,4
Yan,4,4
Dominik,4,4
Ninh,4,4
Doug,4,4
Natalie,4,4
Hana,4,4
Minji,4,4
Tường,4,4
wing,4,4
Vien,4,4
Ray,4,4
Christian,4,4
VIET,4,4
thuong,4,4
Roger,4,4
Tommy,4,4
eun,4,4
In,4,4
oh,4,4
Marco,4,4
eric,4,4
Jinhee,4,4
Ái,4,4
Won,4,4
Kha,4,4
Ong,4,4
Joe,4,4
vũ,4,4
Tamara,4,4
San,4,4
soyoung,4,4
Victoria,4,4
JISUN,4,4
Markus,4,4
Tatiana,4,4
Vladimir,4,4
ho,4,4
Darren,4,4
Sergey,4,4
JIHUN,4,4
Yeo,4,4
Katie,4,4
Nicola,4,4
THIEN,4,4
King,4,4
thang,4,4
LY,4,4
Suong,4,4
수정,4,4
승진,4,4
Danny,4,4
Yi,4,4
yen,4,4
LONG,4,4
nhung,4,4
Thuc,4,4
HUONG,4,4
Chien,4,4
Minkyung,4,4
Giao,4,4
NHAN,4,4
Kyu,4,4
paul,4,4
EUNJEONG,4,4
Sergei,4,4
Vĩnh,4,4
Gary,4,4
boram,4,4
YUTAKA,4,4
Kyle,4,4
Qui,4,4
Marcus,4,4
edward,4,4
Emy,4,4
Khac,4,4
ĐÀO,4,4
JIHOON,4,4
NGHIA,4,4
HOÀNG,4,4
Yujin,4,4
Thắm,4,4
Stephanie,4,4
Sanghyun,4,4
Ashley,4,4
Judith,4,4
Tong,4,4
Lin,4,4
huong,4,4
bora,4,4
VÕ,4,4
Hiển,4,4
MY,4,4
jiyoung,4,4
BAE,4,4
Eunhee,4,4
Sương,4,4
Eunju,4,4
Alexey,4,4
Nicholas,4,4
Shuk,4,4
JIYEON,4,4
Tae,4,4
HUYNH,4,4
Sau,4,4
Boram,4,4
A,4,4
Ahn,4,4
Ma,4,4
Kenny,4,4
luan,4,4
Tình,4,4
Hyejin,4,4
dang,4,4
JAEHO,4,4
Joel,4,4
Jacques,4,4
Kỳ,4,4
Seo,4,4
Pauline,4,4
Luân,4,4
HYEMIN,4,4
MUHAMMAD,4,4
Lydia,4,4
Thoai,4,4
SEUNGWON,4,4
TUAN,4,4
HANH,4,4
Wong,4,4
SEONGJIN,4,4
Heo,4,4
VŨ,4,4
ng,4,4
Mac,4,4
Hisako,4,4
Vanessa,4,4
지영,4,4
eunju,4,4
Sunjong,4,4
JEON,4,4
Thức,4,4
Ashish,4,4
sarang,4,4
Seok,4,4
Mike,4,4
Ken,4,4
michael,4,4
Leo,4,4
Denis,4,4
Cherry,4,4
Mien,4,4
Tuân,4,4
karen,4,4
Pei,4,4
KA,4,4
yujin,4,4
hoa,4,4
Nha,4,4
soyeon,4,4
Geoffrey,4,4
li,4,4
giang,4,4
thomas,4,4
Tue,4,4
Nhã,4,4
Lily,4,4
Dennis,4,4
Seong,4,4
Jihyun,4,4
minjung,4,4
George,4,4
TAI,4,4
Katherine,4,4
Florian,4,4
Yumi,4,4
YONG,4,4
Hào,4,4
Rob,4,4
mi,4,4
AN,4,4
Thục,4,4
huyen,4,4
huu,4,4
HEE,4,4
ĐỖ,4,4
Ryan,4,4
Jane,4,4
Andre,4,4
LIM,4,4
Pascal,4,4
Mình,4,4
Lars,4,4
LinhVy,4,4
Caroline,4,4
Đại,4,4
Hoà,4,4
Gerard,4,4
phan,4,4
Ming,4,4
CHI,4,4
nayoung,4,4
Bi,4,4
LAI,4,4
THỊ,4,4
Juyoung,4,4
SEONYEONG,4,4
JIN,4,4
Thọ,4,4
HAYOUNG,4,4
YOO,4,4
Luc,4,4
tuyet,3,3
Chad,3,3
jihye,3,3
PETER,3,3
Kang,3,3
dung,3,3
Damien,3,3
Tuyên,3,3
ngocanh,3,3
JIHYUN,3,3
Graham,3,3
진주,3,3
Cheung,3,3
JONGWOO,3,3
Robyn,3,3
Narelle,3,3
Chui,3,3
Ivy,3,3
BYUNG,3,3
CHAN,3,3
Hyunjoo,3,3
Minhee,3,3
pac,3,3
Joey,3,3
Kristina,3,3
cam,3,3
Băng,3,3
Kameel,3,3
Jiin,3,3
brian,3,3
chin,3,3
YAO,3,3
HUYEN,3,3
Daryl,3,3
Benjamin,3,3
Choon,3,3
kyehee,3,3
eunji,3,3
SOOYOUNG,3,3
Bokyung,3,3
Eunjin,3,3
YOOJIN,3,3
Nathan,3,3
Heewoo,3,3
Jim,3,3
KYOUNG,3,3
Lư,3,3
JAEWOO,3,3
Hyejung,3,3
Dam,3,3
Jaeho,3,3
dong,3,3
SEO,3,3
민지,3,3
Sehoon,3,3
Hannah,3,3
vincent,3,3
Roland,3,3
Byungjin,3,3
Marius,3,3
유진,3,3
Dawn,3,3
Jing,3,3
trong,3,3
scott,3,3
DŨNG,3,3
현정,3,3
Younghwa,3,3
CHOO,3,3
Alena,3,3
SONG,3,3
Hyoeun,3,3
thủy,3,3
Eunyoung,3,3
Денис,3,3
TRI,3,3
Low,3,3
SJ,3,3
Greg,3,3
Maureen,3,3
Tom,3,3
sena,3,3
Woojin,3,3
BINH,3,3
LINH,3,3
Zheng,3,3
Hyunju,3,3
Xavier,3,3
HYUNJI,3,3
soon,3,3
Tí,3,3
Nhon,3,3
Deborah,3,3
Tomas,3,3
alan,3,3
CHO,3,3
Nữ,3,3
TU,3,3
Don,3,3
Dave,3,3
yun,3,3
Thierry,3,3
Ella,3,3
연경,3,3
Sumin,3,3
sook,3,3
Tristan,3,3
Diana,3,3
christian,3,3
Jungmin,3,3
Jongok,3,3
YOU,3,3
Seul,3,3
tung,3,3
La,3,3
Luan,3,3
Heng,3,3
JEONGHO,3,3
Chloe,3,3
Dean,3,3
Lanh,3,3
chen,3,3
Lindsey,3,3
Dmitry,3,3
YOON,3,3
AHN,3,3
Jeongin,3,3
YEONG,3,3
Sumi,3,3
HYEJI,3,3
Anastasia,3,3
HYUNJOO,3,3
Đoan,3,3
jaemin,3,3
KWON,3,3
Leon,3,3
YUNJEONG,3,3
vinh,3,3
Evan,3,3
Hiu,3,3
jeonga,3,3
Feng,3,3
GIA,3,3
Khôi,3,3
kyungjin,3,3
CUONG,3,3
Jerome,3,3
미경,3,3
hà,3,3
oanh,3,3
소연,3,3
KYUNG,3,3
현우,3,3
kiwan,3,3
Corey,3,3
Elaine,3,3
HIEN,3,3
Heather,3,3
Barbara,3,3
IULIIA,3,3
phạm,3,3
Susan,3,3
Arthur,3,3
Jerry,3,3
william,3,3
Daeun,3,3
hyejin,3,3
ASHLEY,3,3
jaewon,3,3
hyeeun,3,3
MIRA,3,3
truong,3,3
Raymond,3,3
Sven,3,3
Wayne,3,3
JINEOK,3,3
CONG,3,3
kien,3,3
HUỲNH,3,3
다희,3,3
SEOYEON,3,3
Tuoi,3,3
Điệp,3,3
SUNMI,3,3
wen,3,3
Catherine,3,3
Yeon,3,3
richard,3,3
Thạch,3,3
Glocent,3,3
Miyoung,3,3
Hiroshi,3,3
Shin,3,3
C,3,3
CHIA,3,3
cho,3,3
SOHYUN,3,3
Minsoo,3,3
Kyoung,3,3
yin,3,3
Yoon,3,3
Michel,3,3
Khue,3,3
NHI,3,3
Marek,3,3
Yoonjai,3,3
Nayoung,3,3
Yuan,3,3
su,3,3
명주,3,3
SORA,3,3
KHOA,3,3
Hảo,3,3
정현,3,3
sunisa,3,3
JUHEE,3,3
Miseon,3,3
Lyn,3,3
Larry,3,3
Frederic,3,3
ahn,3,3
Nicolas,3,3
Pierre,3,3
Minju,3,3
Natti,3,3
ly,3,3
Trình,3,3
eunyoung,3,3
alex,3,3
Thương,3,3
민경,3,3
Jinyoung,3,3
Travis,3,3
Tang,3,3
Dien,3,3
Thơ,3,3
đình,3,3
YOUNGMI,3,3
Shane,3,3
NARAE,3,3
phu,3,3
Vivian,3,3
SANGHYUN,3,3
si,3,3
현주,3,3
Sungtae,3,3
MINHEE,3,3
Candy,3,3
Shu,3,3
채원,3,3
Đồng,3,3
Heekyung,3,3
HaNa,3,3
Lại,3,3
kang,3,3
HoangAnh,3,3
Christina,3,3
Alexandra,3,3
Timothy,3,3
Diane,3,3
Basil,3,3
Mohamad,3,3
Quách,3,3
TONG,3,3
Sunghun,3,3
Hayley,3,3
wai,3,3
Dai,3,3
ngân,3,3
Will,3,3
boyoung,3,3
Regina,3,3
Vòng,3,3
Vui,3,3
Laurent,3,3
HƯƠNG,3,3
hyojin,3,3
do,3,3
HYEJIN,3,3
선영,3,3
JOAO,3,3
JIYOUNG,3,3
JONGHYUN,3,3
Rick,3,3
Sheryl,3,3
BORA,3,3
Glenn,3,3
Sunhee,3,3
LAURA,3,3
nhi,3,3
seohyun,3,3
lý,3,3
phú,3,3
HIỂN,3,3
HEEJIN,3,3
Adrienne,3,3
thái,3,3
jung,3,3
Joseph,3,3
sunhee,3,3
Dina,3,3
JEAHO,3,3
Hing,3,3
Joy,3,3
Youjin,3,3
chanvy,3,3
SUBIN,3,3
Siu,3,3
tuấn,3,3
Weng,3,3
duyen,3,3
Kathy,3,3
liem,3,3
JIYOON,3,3
seo,3,3
ying,3,3
YEJIN,3,3
phillip,3,3
Loi,3,3
Kyunghoon,3,3
jolie,3,3
현지,3,3
Wei,3,3
Jamie,3,3
SINH,3,3
HYUNWOO,3,3
Ruby,3,3
Tố,3,3
Jess,3,3
Misun,3,3
lam,3,3
SI,3,3
Gregory,3,3
sora,3,3
JEONGHYEON,3,3
WOOK,3,3
Triet,3,3
Vladislav,3,3
JISEON,3,3
như,3,3
tuong,3,3
Chee,3,3
NGÔ,3,3
Johnny,3,3
Quyền,3,3
Luciano,3,3
Tuck,3,3
JAEYOUNG,3,3
PHONG,3,3
WANG,3,3
Carina,3,3
LING,3,3
Lucy,3,3
SON,3,3
Tay,3,3
quan,3,3
Hứa,3,3
Suk,3,3
Brandon,3,3
THAI,3,3
Jisu,3,3
Ko,3,3
Kimberly,3,3
Selina,3,3
euna,3,3
철규,3,3
Chuong,3,3
HUAN,3,3
Anatolii,3,3
hyein,3,3
jina,3,3
WONG,3,3
NGUYÊN,3,3
Sophia,3,3
huỳnh,3,3
Kok,3,3
Milena,3,3
JAYDEN,3,3
Lụa,3,3
SEOHEE,3,3
mrquang,3,3
YUKI,3,3
Khả,3,3
Sara,3,3
Dimitrios,3,3
KHANH,3,3
Da,3,3
Yang,3,3
hye,3,3
Suyeon,3,3
Choo,3,3
ĐINH,3,3
Jeremy,3,3
EVGENII,3,3
Hyewon,3,3
CHIN,3,3
mun,3,3
Jong,3,3
Peggy,3,3
THAO,3,3
james,3,3
Dac,3,3
Hyein,3,3
Jian,3,3
Eugene,3,3
sunhwa,3,3
Siew,3,3
Quyết,3,3
Maya,3,3
Tịch,3,3
Brett,3,3
Laura,3,3
Đông,3,3
hyung,3,3
hyun,3,3
Vera,3,3
Jie,3,3
TRAM,3,3
TANG,3,3
Mohd,3,3
KIEU,3,3
xuan,3,3
K,2,2
Seonmo,2,2
Sao,2,2
Zaza,2,2
gloria,2,2
XU,2,2
Younghee,2,2
Shawn,2,2
tse,2,2
Angelina,2,2
Hyesoo,2,2
valerie,2,2
Khuat,2,2
지윤,2,2
eunhee,2,2
Minkyo,2,2
Loo,2,2
Sue,2,2
SEULBI,2,2
yunmi,2,2
ye,2,2
Kristy,2,2
hao,2,2
shinichi,2,2
Grace,2,2
Oleksandr,2,2
keumji,2,2
영진,2,2
KIHOON,2,2
TRINH,2,2
JUNGMIN,2,2
Nghị,2,2
Edwin,2,2
Kate,2,2
Soeun,2,2
Hyeri,2,2
지훈,2,2
Alison,2,2
sungmin,2,2
KI,2,2
MICHAEL,2,2
Sookyung,2,2
Yên,2,2
Kyungae,2,2
Sky,2,2
Ryu,2,2
Allan,2,2
jeonghyeon,2,2
minkyu,2,2
JOSHUA,2,2
Tiền,2,2
DON,2,2
Ngà,2,2
Yuliya,2,2
ARA,2,2
cong,2,2
loan,2,2
Mohammed,2,2
Bomi,2,2
uyên,2,2
Mary,2,2
JINWOOK,2,2
sung,2,2
Pik,2,2
thoa,2,2
TOAN,2,2
YEE,2,2
phượng,2,2
NHƯ,2,2
아름,2,2
jinkyung,2,2
Usakanae,2,2
WOORAM,2,2
MIKYUNG,2,2
Luyen,2,2
jason,2,2
혜림,2,2
Kyungjin,2,2
Daeyoung,2,2
Garam,2,2
Triết,2,2
sehwan,2,2
Luận,2,2
rejean,2,2
Terence,2,2
BOMI,2,2
Clare,2,2
Ari,2,2
mỹ,2,2
Tham,2,2
IURII,2,2
Antonin,2,2
Piyanat,2,2
AYOUNG,2,2
yiseul,2,2
YI,2,2
ARANG,2,2
ka,2,2
JAEHOON,2,2
kenji,2,2
Hayden,2,2
GAYEON,2,2
HWA,2,2
Antonio,2,2
Craig,2,2
Japhet,2,2
SANGHA,2,2
Denise,2,2
Fanny,2,2
PHƯƠNG,2,2
하영,2,2
JIYEONG,2,2
On,2,2
quy,2,2
ANDRE,2,2
Nyein,2,2
Hanah,2,2
binh,2,2
Darina,2,2
YUEN,2,2
Mun,2,2
Heung,2,2
Geoff,2,2
Sook,2,2
angela,2,2
Roy,2,2
Romain,2,2
Pete,2,2
jinyoung,2,2
SEMI,2,2
phương,2,2
SOOBIN,2,2
wei,2,2
SANGMIN,2,2
wang,2,2
Johnathan,2,2
vuong,2,2
Chak,2,2
Aeschbach,2,2
JuneBeom,2,2
Marc,2,2
nana,2,2
CHUA,2,2
wong,2,2
DANIEL,2,2
Barry,2,2
Sandy,2,2
liu,2,2
Colleen,2,2
HYEBIN,2,2
tae,2,2
soa,2,2
cuong,2,2
RICARDO,2,2
Seohee,2,2
Taeksoo,2,2
Jacqui,2,2
Dain,2,2
NINH,2,2
NGUYET,2,2
phi,2,2
mitsuo,2,2
HẠNH,2,2
jaehee,2,2
JC,2,2
Cheonho,2,2
Miyuki,2,2
Karl,2,2
miho,2,2
Alfred,2,2
Mihyeon,2,2
thy,2,2
GERRIT,2,2
Taehoon,2,2
Toni,2,2
Albert,2,2
Sarintip,2,2
CHU,2,2
yi,2,2
JINKYUNG,2,2
Chin,2,2
지현,2,2
YOUNGWOO,2,2
Carmen,2,2
Miu,2,2
Amber,2,2
Sâm,2,2
Coen,2,2
GO,2,2
Jinsoo,2,2
미정,2,2
Reza,2,2
Kris,2,2
Allen,2,2
Roderick,2,2
CHENG,2,2
Tae-Ha,2,2
Maricar,2,2
giuseppe,2,2
CHANGBIN,2,2
craig,2,2
Vitaly,2,2
SUNGTAE,2,2
YOUNGJUN,2,2
Chuan,2,2
heejin,2,2
younmi,2,2
nguyên,2,2
Sylvia,2,2
Bomin,2,2
YONJAE,2,2
Kobe,2,2
HOI,2,2
Alessio,2,2
jacques,2,2
SUNGHYUN,2,2
Abdul,2,2
Tik,2,2
TEE,2,2
Rin,2,2
Wan,2,2
SEUNGYEON,2,2
YESEUL,2,2
GIHUN,2,2
Nikolay,2,2
Lena,2,2
Hân,2,2
suong,2,2
Jen,2,2
Roberta,2,2
younghoon,2,2
Anny,2,2
GYUHEE,2,2
JINA,2,2
Buu,2,2
juhwan,2,2
Ernest,2,2
JAEEUN,2,2
SunYoung,2,2
Laila,2,2
T,2,2
PEON,2,2
Colten,2,2
HỒNG,2,2
in,2,2
SIN,2,2
kiều,2,2
진우,2,2
Jacob,2,2
Haehyun,2,2
Claire,2,2
Chương,2,2
Tất,2,2
hien,2,2
jimin,2,2
trịnh,2,2
JIHYEON,2,2
Asol,2,2
영인,2,2
ARan,2,2
DONGHWAN,2,2
진수,2,2
Po,2,2
hyunju,2,2
Jimim,2,2
Phí,2,2
Hyeon,2,2
Chanh,2,2
Natalya,2,2
MINYI,2,2
Kirsti,2,2
Natcharee,2,2
光朗,2,2
Ismael,2,2
thuan,2,2
evi,2,2
Lân,2,2
Veronika,2,2
Kwon,2,2
Pablo,2,2
Tak,2,2
Ronald,2,2
Minho,2,2
Nobuhiro,2,2
예나,2,2
kyeonghwa,2,2
hnom,2,2
SIM,2,2
JINHO,2,2
sunghae,2,2
CHUL,2,2
Sim,2,2
Nur,2,2
MIYOUNG,2,2
진희,2,2
JINYOUNG,2,2
jareeya,2,2
Jude,2,2
Charmaine,2,2
HYO,2,2
Nhớ,2,2
TengFei,2,2
SUMIN,2,2
irina,2,2
Derek,2,2
Joanne,2,2
KAI,2,2
Canh,2,2
sangok,2,2
Yenn,2,2
seulgi,2,2
QUỐC,2,2
희윤,2,2
민,2,2
Clif,2,2
Y,2,2
HaYoung,2,2
Haru,2,2
YEONJI,2,2
Hyeyoung,2,2
Vince,2,2
Jakub,2,2
Liu,2,2
Andrey,2,2
Kendon,2,2
Robin,2,2
khánh,2,2
나무,2,2
Yae,2,2
Luke,2,2
Sangmin,2,2
Heri,2,2
성만,2,2
Myhanh,2,2
YOUNGEUN,2,2
Jia,2,2
Masahiko,2,2
TRONG,2,2
EUNSEO,2,2
seungjin,2,2
Fabian,2,2
CHIHARU,2,2
Cheryl,2,2
Leeseul,2,2
Tây,2,2
hyesun,2,2
bich,2,2
Dee,2,2
Siek,2,2
JAEYONG,2,2
Todd,2,2
동현,2,2
Sing,2,2
Juhee,2,2
MAN,2,2
Connie,2,2
DongYoung,2,2
SUMI,2,2
Joohee,2,2
숩니,2,2
Ahra,2,2
hunlee,2,2
may,2,2
Евгений,2,2
Yoonhee,2,2
Suresh,2,2
구,2,2
byung,2,2
VUONG,2,2
Bum,2,2
Lu-Teh,2,2
M,2,2
QIAN,2,2
윤,2,2
Taehwan,2,2
Sonia,2,2
Jai,2,2
Lu,2,2
Miriam,2,2
U,2,2
sohee,2,2
Sujin,2,2
Ralf,2,2
yến,2,2
Khắc,2,2
NORIYUKI,2,2
SEUNGKYU,2,2
윤호,2,2
용석,2,2
Yau,2,2
Maxime,2,2
Nattawadee,2,2
Muội,2,2
Alessandro,2,2
Sabrina,2,2
Gayoung,2,2
YOUNGMIN,2,2
Tao,2,2
Ingrid,2,2
THÁI,2,2
Wook,2,2
GUNAN,2,2
suji,2,2
Chao,2,2
Anchalee,2,2
Hầu,2,2
Dominic,2,2
LEI,2,2
Sunston,2,2
Charlie,2,2
Sungho,2,2
lien,2,2
SEONGHYEON,2,2
Jinhwa,2,2
SANGWOO,2,2
JUNHYUK,2,2
Lilia,2,2
Suji,2,2
Ye,2,2
GIL,2,2
Nhuận,2,2
Soyeong,2,2
Sanghoon,2,2
Martha,2,2
Allar,2,2
Liang,2,2
DUONG,2,2
Jinhyuk,2,2
진아,2,2
yoonji,2,2
VINH,2,2
Nate,2,2
Cuc,2,2
MINJEONG,2,2
VI,2,2
YOOSUNG,2,2
Mercedes,2,2
소현,2,2
Konrad,2,2
Warren,2,2
PATRICK,2,2
IL,2,2
Judy,2,2
Brent,2,2
DAMIAN,2,2
SooJin,2,2
Piyush,2,2
RACHEL,2,2
Chenan,2,2
Điềm,2,2
Rene,2,2
Sylvie,2,2
Cheri,2,2
Chánh,2,2
juyoung,2,2
Gyeon,2,2
Wen,2,2
quoi,2,2
Heymin,2,2
LOI,2,2
hyoukjae,2,2
JISU,2,2
Yunho,2,2
SEONGHWAN,2,2
JEONGMI,2,2
nga,2,2
LOAN,2,2
Angeline,2,2
EUNHYE,2,2
ROHEUL,2,2
Gahyun,2,2
Yulia,2,2
Katharina,2,2
Roshani,2,2
Changho,2,2
lim,2,2
Rémi,2,2
Sofya,2,2
Cha,2,2
Yunhee,2,2
jungmin,2,2
hyemi,2,2
Gibson,2,2
lai,2,2
Timo,2,2
JAEWON,2,2
SANGJOO,2,2
Ky,2,2
정민,2,2
Roberto,2,2
Hưởng,2,2
Stefan,2,2
Clifford,2,2
SANGWON,2,2
Bo,2,2
Gấm,2,2
MinSub,2,2
Pamela,2,2
Sohyun,2,2
Loh,2,2
SHIHAO,2,2
MYEONGJU,2,2
carolyn,2,2
Yew,2,2
Oleg,2,2
Dzung,2,2
Cynthia,2,2
DIEM,2,2
Qian,2,2
douglas,2,2
Jaroslaw,2,2
Koo,2,2
JAEGUL,2,2
PHUC,2,2
YOONSUK,2,2
Joshua,2,2
takashi,2,2
Areum,2,2
Lina,2,2
J,2,2
LAN,2,2
minsung,2,2
YONGHO,2,2
Liew,2,2
Kong,2,2
Hoon,2,2
Ngôn,2,2
InHwa,2,2
KÊNH,2,2
Nghiem,2,2
Shinhyang,2,2
Haesuk,2,2
kit,2,2
hyangsuk,2,2
GYURI,2,2
SIDDHIVADHI,2,2
KAYOKO,2,2
YOUNGHO,2,2
Anne,2,2
diem,2,2
Jeanie,2,2
DUNG,2,2
Pichitchai,2,2
YIK,2,2
thai,2,2
andrew,2,2
민우,2,2
Sergio,2,2
DI,2,2
민정,2,2
yoojin,2,2
joanne,2,2
Nhien,2,2
Elton,2,2
Quangminh8211@gmail.com,2,2
Ae,2,2
LINHCHI,2,2
gunwook,2,2
Willy,2,2
소희,2,2
지호,2,2
윤정,2,2
Leonard,2,2
Kremus,2,2
Dae,2,2
Goh,2,2
bo,2,2
eunjung,2,2
DongHyun,2,2
Mị,2,2
duksoon,2,2
DAEJIN,2,2
yuan,2,2
Joyce,2,2
nham,2,2
soyoun,2,2
LIN,2,2
long,2,2
Mr,2,2
리,2,2
Tim,2,2
soogyoung,2,2
Sungwoo,2,2
JUNHEE,2,2
Ronak,2,2
Thường,2,2
dinh,2,2
Tôn,2,2
HIROKO,2,2
DA,2,2
Pit,2,2
재호,2,2
Chiu,2,2
Shi,2,2
ban,2,2
Zephier,2,2
KHUONG,2,2
Ân,2,2
Emely,2,2
danny,2,2
Boi,2,2
Philippe,2,2
mark,2,2
hoai,2,2
MINJUNG,2,2
Yin,2,2
Cung,2,2
MINA,2,2
dương,2,2
이,2,2
quyenvanchanh,2,2
God,2,2
누리,2,2
Shun,2,2
Sebastian,2,2
Cole,2,2
GOOMIN,2,2
kenneth,2,2
숭,2,2
the,2,2
HEEJU,2,2
Lamtuanh,2,2
SIU,2,2
Nấm,2,2
QuỳnhGiao,2,2
TOSHIKI,2,2
Tanya,2,2
THEAN,2,2
satoru,2,2
Ny,2,2
Ku,2,2
Yunjeong,2,2
Nuno,2,2
lily,2,2
TruongSon,2,2
Nhai,2,2
Dmitrii,2,2
dao,2,2
JUNGHOON,2,2
Hooi,2,2
Yui,2,2
Lệ,2,2
Grant,2,2
Samuel,2,2
TSZ,2,2
MINGXIA,2,2
Nadine,2,2
MYEONG,2,2
Bruce,2,2
Fong,2,2
chae,2,2
YOUNSUNG,2,2
SUNGCHUL,2,2
kyoung,2,2
minhye,2,2
Costel,2,2
Hazel,2,2
Anita,2,2
yong,2,2
Shih,2,2
Kent,2,2
KYUNGDOO,2,2
yoyo,2,2
Angel,2,2
Leow,2,2
Sa,2,2
Manoj,2,2
민서,2,2
Soohee,2,2
misun,2,2
jumi,2,2
SUHEE,2,2
RITAR,2,2
Noor,2,2
Soon,2,2
dat,2,2
Natsuko,2,2
Mohammad,2,2
Mee,2,2
Natasha,2,2
SUK,2,2
sojin,2,2
tracy,2,2
Lloyd,2,2
DAVAASUREN,2,2
Nhimm,2,2
Adi,2,2
JAESUNG,2,2
Benson,2,2
Carl,2,2
SUJI,2,2
Norbert,2,2
Clinton,2,2
HYUNJU,2,2
Tiep,2,2
Debbie,2,2
경애,2,2
soohyun,2,2
R,2,2
sunghun,2,2
HYOUNDON,2,2
youngae,2,2
JUNGU,2,2
Kathleen,2,2
Inseok,2,2
Hyunkyung,2,2
Youngju,2,2
Gyeongbeom,2,2
YOUKYOUNG,2,2
Rachael,2,2
Jiyun,2,2
Kazuyo,2,2
Petr,2,2
TAEHUN,2,2
ngan,2,2
ON,2,2
Hyojeong,2,2
Manuel,2,2
jean,2,2
EUNJIN,2,2
Oliver,2,2
Vicki,2,2
Cara,2,2
seul,2,2
Stern,2,2
大介,2,2
jing,2,2
주영,2,2
hyeyeon,2,2
nhut,2,2
han,2,2
Xinyi,2,2
limei,2,2
Seonghwan,2,2
CHAU,2,2
Kei,2,2
SERYEON,2,2
민수,2,2
myeongja,2,2
kwangkyu,2,2
Jiyeon,2,2
TRIỀU,2,2
Valentin,2,2
SANGMI,2,2
Qiang,2,2
ZU,2,2
다은,2,2
XIN,2,2
seonyeong,2,2
WON,2,2
hee,2,2
영욱,2,2
Ptt,2,2
은지,2,2
bea,2,2
JIWOO,2,2
Seungeun,2,2
SuHwan,2,2
minsoo,2,2
Sooyeon,2,2
JU,2,2
Nan,2,2
Minyoung,2,2
mijeong,2,2
NAHYUN,2,2
Susie,2,2
Si,2,2
Bianca,2,2
SOOCHIN,2,2
SUHYUN,2,2
lalada,2,2
Yunjin,2,2
Jong-gon,2,2
Tammy,2,2
Daria,2,2
Troy,2,2
sujin,2,2
Takirin,2,2
takuya,2,2
PHI,2,2
Yozo,2,2
DAI,2,2
HANHUI,2,2
Wojciech,2,2
Soo,2,2
quỳnh,2,2
Didier,2,2
minaee,2,2
Elyse,2,2
Sebastien,2,2
Hak,2,2
Hyunseo,2,2
Nelson,2,2
Ki,2,2
준호,2,2
laura,2,2
cheng,2,2
Myoung,2,2
Lok,2,2
DAO,2,2
duong,2,2
MENG,2,2
JOO,2,2
Jinho,2,2
WOO,2,2
KUAN,2,2
재훈,2,2
ruijie,2,2
TING,2,2
KIO,2,2
태응,2,2
seoyeon,2,2
toan,2,2
Khuc,2,2
Từ,2,2
요셉,2,2
sun,2,2
Khiem,2,2
Petrus,2,2
NARE,2,2
Pratik,2,2
Bích,2,2
Jacqueline,2,2
Sungil,2,2
Olivier,2,2
Jongmin,2,2
Antoine,2,2
Wiliam,2,2
Alexandre,2,2
Tăng,2,2
Siêu,2,2
YOONJUNG,2,2
sunhyung,2,2
Ravikumar,2,2
Bastien,2,2
Âu,2,2
JinA,2,2
jisoo,2,2
JAECHUL,2,2
myeong,2,2
crystal,2,2
Just,2,2
marie,2,2
MISO,2,2
somin,2,2
HAYEON,2,2
Sai,2,2
Santi,2,2
gweesun,2,2
Dongmi,2,2
Nancy,2,2
Phuangpetch,2,2
Ramona,2,2
Anastasiia,2,2
SEOK,2,2
Дмитрий,2,2
ji,2,2
Noh,2,2
Bulakorn,2,2
Laurie,2,2
Roisin,2,2
jaewoo,2,2
Alexandr,2,2
Thuyên,2,2
chris,2,2
SEHEE,2,2
우석,2,2
fiona,2,2
NGA,2,2
Pin,2,2
YEONGHYEON,2,2
Nhiệm,2,2
KIL,2,2
I,2,2
YONGBEOM,2,2
Ah,2,2
Đan,2,2
Bách,2,2
jungr94@hanmail.net,2,2
Misa,2,2
tuyen,2,2
TZU,2,2
Yuri,2,2
Mateusz,2,2
Ge,2,2
GIANG,2,2
JUNGHEE,2,2
jiyoon,2,2
YEOM,2,2
Viên,2,2
수연,2,2
Costas,2,2
hyunwoo,2,2
진형,2,2
SEUNGHEE,2,2
Hyunmin,2,2
XI,2,2
ANDY,2,2
kau,2,2
WINGPING,2,2
Jade,2,2
Aram,2,2
Terry,2,2
wannakanok,2,2
Chew,2,2
Chai,2,2
mijung,2,2
MA,2,2
chun,2,2
JongBong,2,2
so,2,2
hui,2,2
KH,2,2
Christine,2,2
Chelsea,2,2
hara,2,2
Hyunseok,2,2
Linhh,2,2
Douglas,2,2
Shirley,2,2
KEEHYUNG,2,2
BAWOO,2,2
동훈,2,2
MINSU,2,2
Alicia,2,2
Екатерина,2,2
HITOSHI,2,2
NGÂN,2,2
KIN,2,2
Сергей,2,2
EUNJUNG,2,2
HYUNJUNG,2,2
SHIGERU,2,2
Kathryn,2,2
Eunjeong,2,2
se,2,2
경은,2,2
darren,2,2
YEN,2,2
Percy,2,2
KALACHANDJI,2,2
Eunhye,2,2
chuong,2,2
minhben,2,2
brent,2,2
CHING,2,2
eunhye,2,2
yoonhee,2,2
phung,2,2
Mikhail,2,2
CHANGHYUN,2,2
Zhicheng,2,2
IM,2,2
Ahyoung,2,2
jungok,2,2
thị,2,2
Belle,2,2
Manfred,2,2
shin,2,2
Rins,2,2
YoungHun,2,2
Supat,2,2
JAEKYUNG,2,2
지희,2,2
나영,2,2
Bryan,2,2
Yoko,2,2
yuki,2,2
Ville,2,2
CheolHyung,2,2
tiến,2,2
YEONMI,2,2
HAO,2,2
Sangsik,2,2
PHU,2,2
Kay,2,2
yunju,2,2
준영,2,2
Jiseon,2,2
Lập,2,2
bongho,2,2
Attila,2,2
KINHLUAN,2,2
Hyatt,2,2
유정,2,2
Janet,2,2
Cheuk,2,2
ANTOANETA,2,2
JAMES,2,2
nguyet,2,2
AKINORI,2,2
호이짜,2,2
RAMI,2,2
kiệt,2,2
Yuya,2,2
KYOHONG,2,2
Haithanh,2,2
Esther,2,2
Shih-Chung,2,2
DƯƠNG,2,2
Serge,2,2
bbol,2,2
Deane,2,2
chi,2,2
kyung,2,2
Garry,2,2
HYENSUK,2,2
Haeun,2,2
Rangsan,2,2
Parikshit,2,2
Hoyoung,2,2
HeeKyung,2,2
Bora,2,2
Antony,2,2
Adrian,2,2
Bella,2,2
Duchaufour,2,2
NHUNG,2,2
bui,2,2
jeon,2,2
Sieu,2,2
KO,2,2
to,2,2
Teh,2,2
Fiona,2,2
HEEYOUNG,2,2
Charlotte,2,2
Lawrence,2,2
june,2,2
Hae,2,2
jooyoung,2,2
Yevhen,2,2
Yein,2,2
MANH,2,2
Areerat,2,2
美奈,2,2
sungjun,2,2
Shubham,2,2
Mihwa,2,2
hoàng,2,2
Paula,2,2
EVGENY,2,2
RUI,2,2
SANGJIN,2,2
Taewoo,2,2
SANGYOUN,2,2
준,2,2
Minhyun,2,2
jiwon,2,2
LÂM,2,2
Quế,2,2
DAYOUNG,2,2
Chalit,2,2
Wichai,2,2
INHO,2,2
HAJIN,2,2
진,2,2
HAERIM,2,2
Jeff,2,2
GEUM-MI,2,2
Victor,2,2
Alain,2,2
Евгения,2,2
MARIKO,2,2
Tun,2,2
ISEUL,2,2
YERIN,2,2
Ali,2,2
chu,2,2
Karin,2,2
Inhwan,2,2
Minjae,2,2
changmin,2,2
Pravit,2,2
Christoph,2,2
Franz,2,2
Darrell,2,2
Hạ,2,2
Bap,2,2
Hen,2,2
HYEYOUNG,2,2
Isabel,2,2
Yury,2,2
daniel,2,2
Sena,2,2
Toh,2,2
Tươi,2,2
MINSUN,2,2
LMVL,1,1
MAKOTO,1,1
Annalena,1,1
Debacle,1,1
meilin,1,1
Helmut,1,1
Bastiaan,1,1
Normand,1,1
명화,1,1
Junwen,1,1
hoà,1,1
euneui,1,1
JAEYOON,1,1
Donghee,1,1
travel,1,1
Hyung,1,1
Francois,1,1
Lohit,1,1
Laurence,1,1
Trị,1,1
qingchao,1,1
Phannaphat,1,1
Nell,1,1
포제이,1,1
Tonea,1,1
Kumer,1,1
miok,1,1
Tyler,1,1
Adat,1,1
Youngdo,1,1
Emesh,1,1
Faye,1,1
guoping,1,1
KYUNGMIN,1,1
Monalisa,1,1
은진,1,1
WOOJU,1,1
HAE,1,1
gkdms,1,1
daehyun,1,1
olisiia,1,1
Aubrey,1,1
Jee,1,1
Ginny,1,1
KiSik,1,1
vaa,1,1
Carolyn,1,1
Kwako,1,1
JUYEON,1,1
성연,1,1
jisun,1,1
jihwan,1,1
Natascha,1,1
SUNGHO,1,1
현성,1,1
하모리_Hamoree,1,1
Ratheshan,1,1
Hà,1,1
chiat,1,1
yuna,1,1
Hflower,1,1
MinHee,1,1
hyeonwoo,1,1
Samantha,1,1
kyoungsook,1,1
Chamie,1,1
미령,1,1
종민,1,1
Avi,1,1
SHANGJIN,1,1
miji,1,1
La'Tresha,1,1
Arun,1,1
DABIN,1,1
NANYOUNG,1,1
길희,1,1
eunkyung,1,1
Harrison,1,1
GRACE,1,1
Bander,1,1
EUNSEON,1,1
MYUNGJIN,1,1
DELYU,1,1
horatio,1,1
선우,1,1
Abdullah,1,1
Wilson,1,1
Jariyaporn,1,1
Em,1,1
Ruben,1,1
yanlin,1,1
Hope,1,1
CHẾ,1,1
Shamnila,1,1
Rich,1,1
TATIANA,1,1
JUNGJIN,1,1
karel,1,1
Quỳnh,1,1
Malcolm,1,1
Юрий,1,1
OTA,1,1
Rosemary,1,1
Dasil,1,1
Len,1,1
Jdsj,1,1
merina,1,1
Ioannis,1,1
Hiromichi,1,1
Mengfan,1,1
EUN-JUNG,1,1
SELEE,1,1
Sheena,1,1
Suhyun,1,1
Seung-hoon,1,1
sungho,1,1
donald,1,1
Thời,1,1
XIAOYAN,1,1
Marni,1,1
Keng,1,1
AZ,1,1
Aehyeon,1,1
Farah,1,1
SIEW,1,1
yifan,1,1
Yixin,1,1
直史,1,1
MOE,1,1
PILJUNG,1,1
Kyeong,1,1
worawut,1,1
Cherine,1,1
ZHENG,1,1
Thiệu,1,1
Jean-Pierre,1,1
Kiong,1,1
CHUNGKUN,1,1
heekyeong,1,1
Wae,1,1
andreas,1,1
wayne,1,1
경미,1,1
Irvin,1,1
Fung,1,1
MELVIN,1,1
Chankyu,1,1
Hyunu,1,1
Alyona,1,1
Nino,1,1
Bronwyn,1,1
mitsutaka,1,1
jeongyeon,1,1
Junichiro,1,1
OSAMU,1,1
Thằng,1,1
DINGWEN,1,1
Eneko,1,1
World,1,1
Joon,1,1
博人,1,1
kevin,1,1
tao,1,1
Chanyoung,1,1
Zhixia,1,1
JUNGSUB,1,1
Rattany,1,1
muhamad,1,1
O.J,1,1
양지세탁,1,1
zhizhang,1,1
YUHYEON,1,1
HOÀ,1,1
SHINODA,1,1
Deni,1,1
Savannah,1,1
Rungtham,1,1
hagon,1,1
henry,1,1
isaac,1,1
Heeyeon,1,1
EunJi,1,1
Euisung,1,1
만두,1,1
lingna,1,1
Elliot,1,1
Xin,1,1
Seungchan,1,1
Mats,1,1
JUNGJU,1,1
RO,1,1
LuThao,1,1
Lima,1,1
shuyu,1,1
Trent,1,1
Kunal,1,1
kwangbok,1,1
치고,1,1
nayun,1,1
soeren,1,1
Inyoung,1,1
EUISEOK,1,1
Siong,1,1
Ca,1,1
Hyosun,1,1
tsunetaka,1,1
Tinhvan,1,1
DAWEI,1,1
미애,1,1
Seoyoon,1,1
YAUHENI,1,1
Jongwon,1,1
hyeong,1,1
Yoonah,1,1
DENIS,1,1
CHEN,1,1
Josh,1,1
인숙,1,1
SANGHWAN,1,1
Damon,1,1
Youjung,1,1
JinQuan,1,1
SL,1,1
jinsu,1,1
Lau,1,1
shijie,1,1
hào,1,1
Mạch,1,1
SATOSHI,1,1
I'm,1,1
Jiye,1,1
junghwan,1,1
Myeongjun,1,1
Minjung,1,1
JEEHYEON,1,1
Mazlan,1,1
huzailing,1,1
Bazhena,1,1
NANA,1,1
Jihee,1,1
Declan,1,1
Joongha,1,1
채채퐁,1,1
ONG,1,1
Thuỳ.Dung,1,1
Zhili,1,1
philong,1,1
SOK,1,1
MIRAE,1,1
YOONHO,1,1
Inho,1,1
Đắc,1,1
Kessaraporn,1,1
Riccardi,1,1
weichong,1,1
Xu,1,1
Joanie,1,1
Phoebe,1,1
QUYỀN,1,1
Zimba,1,1
가영,1,1
Thì,1,1
Adel,1,1
Thoại,1,1
Jaesung,1,1
Kimngan,1,1
LA,1,1
Nadir,1,1
Tavlin,1,1
Jeonghun,1,1
eunae,1,1
YE44-Võ,1,1
Christyna,1,1
쨩,1,1
Jihyo,1,1
Linia,1,1
YOONYOUNG,1,1
Steph,1,1
miri,1,1
구슬,1,1
DAISUKE,1,1
DMITRII,1,1
Myungae,1,1
Kit,1,1
joochoel,1,1
mee,1,1
hyunjoong,1,1
Chia-tung,1,1
Tegshjargal,1,1
Louise,1,1
Seunguk,1,1
KJY,1,1
panu,1,1
Daren,1,1
Leekippeum,1,1
Ushma,1,1
Juyong,1,1
vi,1,1
Hiếu,1,1
Khong,1,1
wooyer,1,1
KUNHO,1,1
YANJHIH,1,1
Itamar,1,1
Silvano,1,1
Wit,1,1
yuchih,1,1
Dohee,1,1
Tsik,1,1
MOKEUN,1,1
KAZUYA,1,1
BOnnie,1,1
Onyedika,1,1
girok,1,1
Eddie,1,1
Nadia,1,1
Lazada,1,1
younghee,1,1
ARTHUR,1,1
DEOKWON,1,1
Astri,1,1
YEONGHYUN,1,1
HaiAnh,1,1
Kamil,1,1
NK,1,1
ROSA,1,1
NGHE,1,1
Finna,1,1
KENTA,1,1
MIMI,1,1
Antonijevic,1,1
Sejoong,1,1
Myoungsop,1,1
자현,1,1
lipp,1,1
KEONWOO,1,1
seoung,1,1
suhwan,1,1
DONGXUAN,1,1
Akiko,1,1
XIWEI,1,1
Timmy,1,1
Leung,1,1
Byungju,1,1
YA-CHUN,1,1
JIMIN,1,1
SEYUN,1,1
yulee,1,1
hella,1,1
Everett,1,1
WOOSEOK,1,1
Kim-Ninh,1,1
HATTORI,1,1
EP,1,1
Inhyun,1,1
Yuganesh,1,1
jongheon,1,1
Yvette,1,1
Ido,1,1
seoyun,1,1
Dạ,1,1
Jongho,1,1
넬크,1,1
HANNAH,1,1
HEESEOP,1,1
denibas,1,1
lukas,1,1
Penny,1,1
Yulha,1,1
Min-seok,1,1
tai,1,1
youngjin,1,1
라보,1,1
SUNGJIN,1,1
Frederico,1,1
hayato,1,1
Rica,1,1
lijun,1,1
Sheryn,1,1
Eliane,1,1
nagyeong,1,1
Chor,1,1
จิรัฐิติกาล,1,1
GAO,1,1
alexandru,1,1
Diễn,1,1
SUNGYUN,1,1
ILAN,1,1
Emilie,1,1
Müjdat,1,1
민주,1,1
NUNO,1,1
HYERI,1,1
KATIA,1,1
HOCK,1,1
konyi,1,1
KUM,1,1
ZHENING,1,1
근일,1,1
seongu,1,1
AMIT,1,1
SUNGEUN,1,1
Sieun,1,1
Nititharm,1,1
Neal,1,1
Ankur,1,1
INHYEONG,1,1
HEEJEONG,1,1
THÀNH,1,1
Poovanad,1,1
DONGILL,1,1
병옥,1,1
youngshin,1,1
HYEONHO,1,1
sejong,1,1
Jinah,1,1
Twiist,1,1
ALAN,1,1
Yulkang,1,1
yuen,1,1
junga,1,1
Praveen,1,1
lok,1,1
SEONGKWANG,1,1
SUHYOOL,1,1
Valentina,1,1
QIUXIAO,1,1
julien,1,1
hyunjong,1,1
Quirin,1,1
Eliott,1,1
Barree,1,1
Cyrill,1,1
CHANGA,1,1
YOUSUB,1,1
Samual,1,1
찬희,1,1
ANATOLII,1,1
JiHyeon,1,1
KAIJIN,1,1
Dawoom,1,1
LILI,1,1
Lona,1,1
루,1,1
Dâu,1,1
Wenhang,1,1
Wanjun,1,1
IMSUNG,1,1
Gunruthai,1,1
Liza,1,1
HIDETAKA,1,1
Nhuong,1,1
Ton,1,1
Chí,1,1
elizabeth,1,1
Nay,1,1
Yedam,1,1
Beverly,1,1
jean-alain,1,1
HYUNJUN,1,1
Shiva,1,1
MENGJIE,1,1
moon,1,1
SEUNGJIN,1,1
금비,1,1
Hyeji,1,1
찬환,1,1
NEIL,1,1
SANGEUN,1,1
Kel,1,1
DONGMIN,1,1
JIANTING,1,1
Minhhoang,1,1
Brooke,1,1
PO-CHUN,1,1
Namjin,1,1
LECOQ,1,1
hyunsook,1,1
jungwon,1,1
SHIGEMIKI,1,1
Lùn,1,1
thapagorn,1,1
thanhthanh,1,1
Lợi,1,1
MIAW,1,1
HOAINAM,1,1
JEUNGWOO,1,1
sungun,1,1
Jennie,1,1
재은,1,1
Byongho,1,1
Camille,1,1
pimpat,1,1
PhiHai,1,1
JUNESEUK,1,1
Hyerin,1,1
Yoonseo,1,1
Hongfang,1,1
Eldar,1,1
Violeta,1,1
TECHANG,1,1
Jendrik,1,1
MINSEOP,1,1
Phu-Hien,1,1
hyunkoo,1,1
HYUNSUN,1,1
Abhinav,1,1
Hyuntake,1,1
Supatra,1,1
Bruno,1,1
myoungtag,1,1
yunjung,1,1
yaoxi,1,1
chaerin,1,1
두잇,1,1
Hyunjung,1,1
steffen,1,1
도리,1,1
HEEYEON,1,1
RHYS,1,1
soongil,1,1
KUNIKO,1,1
CHUNRYU,1,1
YUNE,1,1
Dinesh,1,1
Danbi,1,1
SUNGUK,1,1
ByeongHyeon,1,1
youna,1,1
Gang,1,1
HYUNSUK,1,1
Nghiêm,1,1
CHAEHWAN,1,1
Andries,1,1
Huế,1,1
HYUJOUNG,1,1
영훈,1,1
Uông,1,1
Gieun,1,1
Pitikorn,1,1
Junhwan,1,1
Zayden,1,1
sangwon,1,1
Danita,1,1
Pun,1,1
원호,1,1
DONGUK,1,1
Thơm,1,1
Shauni,1,1
kashihara,1,1
Mita,1,1
YONGJU,1,1
Mach,1,1
YEONGYEONG,1,1
DaYoung,1,1
Makoto,1,1
Sungdae,1,1
Yoonji,1,1
Jutta,1,1
robert,1,1
lễ,1,1
Haengjo,1,1
Kenrick,1,1
Weeraya,1,1
RYO,1,1
JUNGWOO,1,1
Etophan,1,1
xize,1,1
Tráng,1,1
hyuk,1,1
SHU-CHEN,1,1
재홍,1,1
Mikyo,1,1
Yubi,1,1
heum,1,1
shinji,1,1
liudan,1,1
dongun,1,1
REEZE,1,1
영위,1,1
simon,1,1
Amalie,1,1
Trinidad,1,1
Wonjin,1,1
Simin,1,1
CHEON,1,1
Efe,1,1
Eisaku,1,1
Yeha,1,1
xaysompheng,1,1
Harim,1,1
성기,1,1
seulki,1,1
Souksavanh,1,1
SANGSOO,1,1
KimTuyen,1,1
eunseok,1,1
Ulla,1,1
kaling,1,1
heonu,1,1
hosung,1,1
Katrina,1,1
Taeyeon,1,1
Hyeong-ho,1,1
ba,1,1
HoangHoang,1,1
pornsuda,1,1
Antonija,1,1
DeogJun,1,1
jingxian,1,1
semi,1,1
주빈,1,1
依,1,1
CHRISTIANA,1,1
YEONHEE,1,1
NAOHISA,1,1
SIJUNG,1,1
Hyeongkyu,1,1
NGOCDINH,1,1
HOCHEOL,1,1
Olalla,1,1
HWANHO,1,1
Bichngoc,1,1
Deea,1,1
Jungeun,1,1
Minkyeong,1,1
Chaekyu,1,1
Chompunoot,1,1
zHI,1,1
khay,1,1
Sitthichai,1,1
areum,1,1
Vichen,1,1
Hyojoon,1,1
Dogil,1,1
든리,1,1
HyunKyung,1,1
Ockjung,1,1
woosoo,1,1
Md,1,1
CHAOPING,1,1
YOUNGSUK,1,1
liêu,1,1
Krystina,1,1
Jinhyung,1,1
Sunhwan,1,1
LIEU,1,1
HUIYING,1,1
byungjic,1,1
Yeonsik,1,1
Johan,1,1
SOJEONG,1,1
Алеся,1,1
Manyi,1,1
Shihong,1,1
JOOYEON,1,1
Suthasini,1,1
안정민[,1,1
Carolin,1,1
Mikako,1,1
애경,1,1
Levy,1,1
GUKHWA,1,1
Thassanee,1,1
WONKEUN,1,1
Peanut,1,1
하정,1,1
TOUFIK,1,1
kyungtae,1,1
SUNGMIN,1,1
진경,1,1
Hộ,1,1
근행,1,1
susan,1,1
KENICHI,1,1
Aad,1,1
Yian,1,1
hongmi,1,1
Yoonmi,1,1
光,1,1
강호,1,1
Dangkhanh11,1,1
Moonhee,1,1
Tòng,1,1
Carol,1,1
Wenda,1,1
종근,1,1
Ace,1,1
AHHYEON,1,1
Himanshoo,1,1
heeyoung,1,1
Monika,1,1
seunghyun,1,1
EUNJU,1,1
Yiu,1,1
Nương,1,1
KHL,1,1
BYEOLYI,1,1
Bebe,1,1
mederic,1,1
Theresa,1,1
裕子,1,1
ruslan,1,1
Fabio,1,1
yuji,1,1
Jinwoo,1,1
Lori,1,1
아정,1,1
jungwoo,1,1
Toshiharu,1,1
BOKYEONG,1,1
jeongsoo,1,1
YOOMI,1,1
Анна,1,1
jungsook,1,1
lianghao,1,1
Jaecheol,1,1
JIATONG,1,1
지언,1,1
namyi,1,1
youyoung,1,1
주희,1,1
복순,1,1
LÝ,1,1
Christelle,1,1
DONGGUN,1,1
Adir,1,1
ina,1,1
Uyển,1,1
Taratip,1,1
Rune,1,1
YOUNGPIL,1,1
Nikolina,1,1
HYEYUN,1,1
Spencer,1,1
JULIE,1,1
LUIS,1,1
SWEE,1,1
Zeqiong,1,1
Vyy,1,1
jooeun,1,1
Marisol,1,1
Kirk,1,1
callum,1,1
Sejin,1,1
Kannathakorn,1,1
Haejin,1,1
yasutami,1,1
deokgu,1,1
ISAO,1,1
Nhì,1,1
jaekyeong,1,1
최,1,1
nhan,1,1
qi,1,1
kingwai,1,1
Hiên,1,1
kwangyeon,1,1
Rolf,1,1
Hitomi,1,1
Sundeep,1,1
HIROSHi,1,1
Diar,1,1
요뿌요,1,1
JAEHOE,1,1
yoonseo,1,1
EUIBEOM,1,1
Luna,1,1
Siroratn,1,1
SANGIK,1,1
Abder,1,1
jono,1,1
DONGQI,1,1
Chia,1,1
Nixon,1,1
Yucel,1,1
현만,1,1
Q,1,1
Jer,1,1
Caprice,1,1
veronique,1,1
YUE,1,1
sungha,1,1
Rasheed,1,1
Mami,1,1
jaedong,1,1
Marian,1,1
Rachid,1,1
Thanhtra,1,1
SELIM,1,1
tot,1,1
BYEOLRI,1,1
Kiểu,1,1
Arsenii,1,1
Thom,1,1
Takehito,1,1
penghui,1,1
Coco,1,1
Kiheung,1,1
Hyunkun,1,1
dami,1,1
JONGHA,1,1
Sherwin,1,1
Mohsen,1,1
BYOUNGMU,1,1
Thanittha,1,1
Joohyun,1,1
LIAO,1,1
浩太,1,1
JOONYOUNG,1,1
호동,1,1
Marie-Lucie,1,1
Nuchada,1,1
sangdong,1,1
Tử,1,1
ZISHENG,1,1
CHIACHEN,1,1
Androsik,1,1
Chow,1,1
Toshiaki,1,1
Tjan,1,1
HUH,1,1
Dư,1,1
Daseul,1,1
thong,1,1
BoM,1,1
blon,1,1
catalin,1,1
SEUNGJUN,1,1
Nongy,1,1
Kayoung,1,1
PEI,1,1
keiichiro,1,1
혜성,1,1
DONGHYO,1,1
TAEWOONG,1,1
DASOM,1,1
Shine,1,1
Norsuhada,1,1
Yanisa,1,1
Egor,1,1
Nikolai,1,1
WOOJOO,1,1
Bơ,1,1
CHOYEON,1,1
engseng,1,1
inae,1,1
SUKHYUN,1,1
zhonglin,1,1
jiali,1,1
Banana,1,1
Hyesung,1,1
THIEU,1,1
bernard,1,1
Ulrich,1,1
charles,1,1
GARYUNG,1,1
Teresa,1,1
HAEIN,1,1
Taebyeong,1,1
adam,1,1
Beomjin,1,1
Polina,1,1
Pick,1,1
건국,1,1
Shiang-yu,1,1
Sawitri,1,1
robin,1,1
ming,1,1
Đưc,1,1
Yuanyuan,1,1
Dánh,1,1
KYEONGCHEON,1,1
CANH,1,1
SUNHEUI,1,1
ณัฐนรี,1,1
상화,1,1
SAMWAIEL,1,1
HOE,1,1
LEH,1,1
Enrique,1,1
Nichole,1,1
Hyunhea,1,1
KWANGSEOK,1,1
KUNWOO,1,1
Sofian,1,1
Yera,1,1
BOKYUNG,1,1
jajoon,1,1
윤경,1,1
Seona,1,1
Nika,1,1
Hyona,1,1
SUNGYOUNG,1,1
MASAHIKO,1,1
YING,1,1
gawon,1,1
Timur,1,1
Diego,1,1
YOUNGSUN,1,1
지상,1,1
UM,1,1
SUNGHYON,1,1
Kamilla,1,1
BORAM,1,1
Dufay,1,1
sejin,1,1
미즈캠핑,1,1
Netipa,1,1
KARNTIDA,1,1
huiqiong,1,1
Lye,1,1
Eunjae,1,1
taebum,1,1
Swarup,1,1
Tiana,1,1
Mildred,1,1
Nhẫn,1,1
Sojung,1,1
youngyeon,1,1
NAKANISHI,1,1
Orgil,1,1
WOOSUNG,1,1
Byeongjun,1,1
HYUNSOO,1,1
지민,1,1
Aashray,1,1
Yoshiko,1,1
SEONYONG,1,1
xu,1,1
QIAOYAN,1,1
ikhan,1,1
Emil,1,1
Darcy,1,1
현철,1,1
Seonggab,1,1
meiyee,1,1
mihyun,1,1
KHUÊ,1,1
haein,1,1
kwok,1,1
YUNHEE,1,1
Rimma,1,1
Winnie,1,1
Abhishek,1,1
Yeonjae,1,1
Racquel,1,1
이혜원,1,1
JONGNAM,1,1
창민,1,1
GAHEE,1,1
Hoạ,1,1
SEYOUNG,1,1
TUYEN,1,1
harald,1,1
Myunghee,1,1
lawrance,1,1
SangYeob,1,1
Rosa,1,1
Dumpa,1,1
Cris,1,1
Hidetoshi,1,1
IKJOON,1,1
Elysia,1,1
ROMSAI,1,1
SuJee,1,1
DIETER,1,1
QINGPENG,1,1
이주,1,1
Seen,1,1
heehwan,1,1
동민,1,1
Nhũ,1,1
민열,1,1
nicolas,1,1
Sungeun,1,1
INGYU,1,1
SUNGJAI,1,1
yan yan,1,1
DONGHO,1,1
가혜,1,1
Emanuel,1,1
Navanita,1,1
INHYE,1,1
Hổ,1,1
KAYUN,1,1
Suin,1,1
Wangqing,1,1
SEONGHUN,1,1
MARTINE,1,1
Qiumiao,1,1
ronald,1,1
Byoung,1,1
Nickolay,1,1
SIRA,1,1
TĂNG,1,1
INAH,1,1
HIDEHARU,1,1
mior,1,1
Kartono,1,1
Yam,1,1
CHOHEE,1,1
eddy,1,1
dongwon,1,1
0,1,1
441,1,1
Cailing,1,1
HY,1,1
ngu,1,1
CHEUK,1,1
singh,1,1
Gunter,1,1
JUNGEUN,1,1
Bensalem,1,1
Shannan,1,1
HSIEN,1,1
Pimnipa,1,1
SIAU,1,1
Seyed,1,1
Ayamkam,1,1
땅하면출발,1,1
raihan,1,1
Stacey,1,1
Konkanya,1,1
Hyo,1,1
Giselle,1,1
Kathrin,1,1
Nelly,1,1
Life,1,1
jeeyoon,1,1
hyoeun,1,1
Dik,1,1
sangjoon,1,1
Aayush,1,1
Min-Jung,1,1
TRÍ,1,1
jeongho,1,1
Tae-Ho,1,1
Mariusz,1,1
Boaz,1,1
chanhyung,1,1
Nils,1,1
Gaurav,1,1
Kristie,1,1
Seungbum,1,1
afandi,1,1
JunKyu,1,1
HOHEE,1,1
yang,1,1
Shuping,1,1
yalun,1,1
hiroyuki,1,1
Yosuke,1,1
Kristen,1,1
엄마,1,1
Tru,1,1
SANGHOON,1,1
seungjae,1,1
GAVIN,1,1
YUNKYUNG,1,1
EUM,1,1
Eungmo,1,1
Melody,1,1
Jisun,1,1
kyoungran,1,1
Oksana,1,1
Sonny,1,1
Linhngatnmtnb,1,1
suneu,1,1
SOODONG,1,1
Martijn,1,1
Holly,1,1
Seoha,1,1
quoc,1,1
SEUNGWOO,1,1
hongseok,1,1
스껄rrr,1,1
stormy,1,1
hyeokjin,1,1
junhong,1,1
YEGIL,1,1
Pornpimon,1,1
욱재,1,1
seonmin,1,1
dulguun,1,1
달콩,1,1
sooyun,1,1
Chakriya,1,1
minhhoang,1,1
Gim,1,1
Abdulmonem,1,1
CHOYOUNG,1,1
Sasa,1,1
m,1,1
BẢO,1,1
Inyeong,1,1
JUJURI,1,1
Sany,1,1
Mostafa,1,1
Sungha,1,1
Salvatore,1,1
HWAN,1,1
Seungjin,1,1
커피달달,1,1
WOORI,1,1
Yeung,1,1
Ruoqing,1,1
Nirav,1,1
Hua,1,1
Dookyong,1,1
eunbi,1,1
HYUNSU,1,1
J.Y,1,1
samy,1,1
Ngao,1,1
Cúc,1,1
DaeLim,1,1
Evgenii,1,1
권,1,1
THẮM,1,1
Marissa,1,1
Yani,1,1
Soyoon,1,1
Laddawan,1,1
하제,1,1
Seungyoung,1,1
슬아,1,1
진숙,1,1
yoon,1,1
Shao,1,1
Yo,1,1
Shahab,1,1
FABER,1,1
용천,1,1
Snowp,1,1
Jinsun,1,1
Jangmi,1,1
Ayrton,1,1
Guillermo,1,1
Thodsapol,1,1
Hyeonjeong,1,1
Sundeok,1,1
JongYo,1,1
HANG,1,1
Youngjune,1,1
Inger,1,1
Chenglin,1,1
Wesley,1,1
COUJONDE,1,1
JUNSIK,1,1
Kiam,1,1
iamlike,1,1
기금,1,1
Jiyoon,1,1
chai,1,1
Savitree,1,1
SEONGWOOK,1,1
polina,1,1
chung,1,1
Bryon,1,1
주혜,1,1
Saebom,1,1
cholong,1,1
ANGELA,1,1
KYUNGHA,1,1
Matthäus,1,1
Hyunsu,1,1
yoonhyun,1,1
JINKYEONG,1,1
Vaidas,1,1
Jichan,1,1
Евнений,1,1
JACE,1,1
Jonghwan,1,1
GLEN,1,1
Jessa,1,1
Md.,1,1
María,1,1
Chunhyuk,1,1
Nahiyan,1,1
Avonne,1,1
DUWON,1,1
khoa,1,1
JingShu,1,1
Yuhee,1,1
EUNJOO,1,1
Hamish,1,1
DONGJIN,1,1
Tiểu,1,1
Simona,1,1
allan,1,1
TANGYUET,1,1
Cody,1,1
YOJI,1,1
따거,1,1
Lay,1,1
kin,1,1
Armando,1,1
HR,1,1
Seunga,1,1
Stacy,1,1
chihchi,1,1
YINAE,1,1
Jyotsana,1,1
WENG,1,1
유나,1,1
youn,1,1
phbi030388@gmail.com,1,1
SunMin,1,1
Kadari,1,1
Gihea,1,1
Seonhwa,1,1
SOLEDAD,1,1
suyeon,1,1
Suger,1,1
siheon,1,1
yebeen,1,1
Rashdan,1,1
HARUNORI,1,1
Mikheev,1,1
Toán,1,1
KWANGHEE,1,1
Vic,1,1
SUOG,1,1
Keizo,1,1
Okrae,1,1
Mi-Kyoung,1,1
Thippawan,1,1
지혜,1,1
Hyunmi,1,1
Hiap,1,1
Yutapong,1,1
WONHYUN,1,1
성화,1,1
younguk,1,1
Wonsik,1,1
Haim,1,1
문식,1,1
sulki,1,1
FANHAO,1,1
michal,1,1
Tiến,1,1
Shukrina,1,1
châm,1,1
Desiree,1,1
YOUNGHYUN,1,1
Norafaizah,1,1
choo,1,1
Boonyli,1,1
E,1,1
ERIC,1,1
Stephan,1,1
XUEYING,1,1
Carel,1,1
wachinee,1,1
cha,1,1
Nishank,1,1
지석,1,1
donghwan,1,1
Hyemin,1,1
Hwanhee,1,1
Seieun,1,1
jackie,1,1
Ghim,1,1
Yriy,1,1
BRIAN,1,1
Carey,1,1
sum,1,1
theerapat,1,1
JINGON,1,1
kyoungjun,1,1
Chandu,1,1
parunya,1,1
Phil,1,1
Nophawit,1,1
Mengjin,1,1
brooke,1,1
Dasom,1,1
Miso,1,1
Mean,1,1
동식,1,1
hiền,1,1
PT,1,1
Hiroko,1,1
Kwanghyun,1,1
Jr,1,1
YOUNGJU,1,1
JINBEOM,1,1
Phấn,1,1
PHOO,1,1
YUNJAE,1,1
UC,1,1
kiem,1,1
Mew,1,1
23.Vũ,1,1
DONGWAN,1,1
ANNETTE,1,1
Serap,1,1
CHIWEI,1,1
한기,1,1
MinJung,1,1
Minh-Anh,1,1
jiyoun,1,1
jun,1,1
jahye,1,1
cheehuat,1,1
우도,1,1
미향,1,1
Jeongyeon,1,1
MYEONGJOO,1,1
TON,1,1
Bill,1,1
HAU,1,1
SEYOON,1,1
naruedee,1,1
chuangang,1,1
ThuHa,1,1
Dmitri,1,1
leonardo,1,1
JEONGKWON,1,1
Jantje,1,1
Seunghwa,1,1
CHANGGUN,1,1
Tianyang,1,1
YunPal,1,1
Vadimas,1,1
Roshanne,1,1
NYET,1,1
Duel,1,1
RUPINI,1,1
휘휘호호,1,1
Jihun,1,1
NARANG,1,1
LINLIN,1,1
KELVIN,1,1
ChangHyun,1,1
chinhyeok,1,1
Chawalit,1,1
Jh,1,1
해동,1,1
Qianyi,1,1
liễu,1,1
barron,1,1
Cristo,1,1
SeonYeong,1,1
Harroshan,1,1
BOYEON,1,1
Ganesan,1,1
Camy,1,1
KIT,1,1
YOUNGJOON,1,1
yuying,1,1
TWIGS,1,1
SUNGWOOK,1,1
SUKWON,1,1
Tei,1,1
SHAORONG,1,1
Anhquy,1,1
정은,1,1
SOONHO,1,1
KYE,1,1
Kah,1,1
HP,1,1
Wilhelm,1,1
Beomcheol,1,1
RASHMI,1,1
JUNE,1,1
gihyun,1,1
Triin,1,1
Joah,1,1
Keow,1,1
Mr.,1,1
JUNHYUN,1,1
Ngữ,1,1
Liz,1,1
Trien,1,1
YOUNGAE,1,1
재관,1,1
Guillaume,1,1
Michiyuki,1,1
Gjangduchoa,1,1
khoaspiderman,1,1
viktoria,1,1
Xing,1,1
grace,1,1
Sanjay,1,1
Seongi,1,1
Sixue,1,1
Mohan,1,1
wooram,1,1
JEONGAE,1,1
Barbora,1,1
Souyoun,1,1
Narae,1,1
TREVOR,1,1
Cucphuong,1,1
teng,1,1
Norhafifi,1,1
Yiting,1,1
Subin,1,1
JAEDON,1,1
JAEMYEONG,1,1
lingling,1,1
zoe,1,1
Rosamond,1,1
TOMOKO,1,1
CHANGHA,1,1
JONGWON,1,1
BC,1,1
Crypto,1,1
siew,1,1
LỊCH,1,1
NAMJI,1,1
Ratti,1,1
주아,1,1
Axel,1,1
Byoungho,1,1
Chiên,1,1
QUAN,1,1
yumi,1,1
tyler,1,1
Nahae,1,1
hanui,1,1
DAVID,1,1
Alastair,1,1
Kwan,1,1
KyongJu,1,1
봉주,1,1
Chante,1,1
Zain,1,1
byungkyu,1,1
Giorgio,1,1
Joanna,1,1
Jeonga,1,1
Quentin,1,1
KwokFung,1,1
안,1,1
HK,1,1
MDuyên,1,1
Suvidha,1,1
Jinseok,1,1
MIAE,1,1
YIBU,1,1
NUJTIYA,1,1
Nhơn,1,1
Khim,1,1
sangsoo,1,1
Takashi,1,1
hon,1,1
Kaley,1,1
KYUNGLOK,1,1
Pramjai,1,1
HHHOHOHONHONHONGHONGHONGKHONGKHONGKIHONGKIEHONGKIHONGKHONGHONGJHONGJIHONGJIRHONGJIHONGJIE,1,1
kirikuchi,1,1
Sophea,1,1
KIYOUNG,1,1
Cảnh,1,1
Reginald,1,1
Sappachai,1,1
seonhee,1,1
stephane,1,1
Heyyeon,1,1
Huai,1,1
Ewald,1,1
NgọcThu,1,1
혁재,1,1
nhon,1,1
Jasmin,1,1
Romm,1,1
Haewon,1,1
ana,1,1
JAEHWAN,1,1
YEONGJAE,1,1
Ferdinand,1,1
Haeni,1,1
예진,1,1
YEOJEONG,1,1
Viola,1,1
WOOSEOP,1,1
stephen,1,1
minjoo,1,1
Theo,1,1
Catalin,1,1
supanut,1,1
IZUMI,1,1
Eunice,1,1
KHÁNH,1,1
GUNHWAN,1,1
QUACH,1,1
Zifan,1,1
Srikanthy,1,1
Fedosenko,1,1
Yejun,1,1
YUYOUNG,1,1
Niloufer,1,1
GUOJING,1,1
Ji-yong,1,1
Youngmin,1,1
Cassandra,1,1
Sangwoon,1,1
현희,1,1
XIANDENG,1,1
Ịn,1,1
Cypoвый,1,1
RUMI,1,1
JUNGSUN,1,1
Jemini,1,1
완호,1,1
YOONJU,1,1
Carlo,1,1
DONGHA,1,1
GaLe,1,1
은희,1,1
Rockey,1,1
Carsten,1,1
소형,1,1
Chantal,1,1
Yuna,1,1
Makayla,1,1
Rupendra,1,1
Pretty,1,1
victoria,1,1
Liwei,1,1
파랑,1,1
Cheyenne,1,1
JINGHUI,1,1
Anatoliy,1,1
Liyu,1,1
SOOKYONG,1,1
SEUNGCHAN,1,1
widjanarko,1,1
Renat,1,1
Cliff,1,1
Ohseok,1,1
Nihal,1,1
ilgyu,1,1
Sinjeong,1,1
Jonglim,1,1
younghwa,1,1
Thiều,1,1
Samhwa,1,1
Kasya,1,1
Hyeeun,1,1
JUNGA,1,1
pui,1,1
인영,1,1
Lỷ,1,1
Hyeongcheol,1,1
Ruohui,1,1
SOU,1,1
성중,1,1
Healer,1,1
Beke,1,1
JAECHANG,1,1
vineeth,1,1
Cristina,1,1
Eduard,1,1
MITSUMASA,1,1
Zara,1,1
bilal,1,1
đoàn,1,1
Timpau,1,1
danièle,1,1
lanh,1,1
Payton,1,1
trangbusan,1,1
HOAN,1,1
Afzal,1,1
Kelli,1,1
steve,1,1
Edy,1,1
Raphael,1,1
jurie,1,1
chiem,1,1
YIXING,1,1
Maythaporn,1,1
hanteak,1,1
Kuzuno,1,1
Kiến,1,1
Gyongah,1,1
TOKUHIRO,1,1
Dascha,1,1
Chiara,1,1
SANDRA,1,1
Jesslyne,1,1
Lò,1,1
Madeleine,1,1
feiya,1,1
Sun-Hang,1,1
EUN-SEOK,1,1
sangchun,1,1
JEONGMOO,1,1
Lynn,1,1
sewoong,1,1
SOONHWA,1,1
BYOUNGHEE,1,1
younkyo,1,1
한나,1,1
ziyu,1,1
승연,1,1
christina,1,1
kyeongAh,1,1
miyoung,1,1
Minheack,1,1
ham,1,1
SOOMIN,1,1
THANG,1,1
.,1,1
k,1,1
Lidia,1,1
YOUNJAE,1,1
HIRONORI,1,1
Kyuhwan,1,1
Gleb,1,1
HANGYU,1,1
상훈,1,1
zhoubin,1,1
K.M.T.K,1,1
michel,1,1
Eshana,1,1
성주,1,1
Chloé,1,1
KimPhuong,1,1
Murshid,1,1
Theodore,1,1
Abbie,1,1
Seonmin,1,1
Gyeongmin,1,1
CASEY,1,1
SANGDUK,1,1
Leloi,1,1
Uguumur,1,1
rahul,1,1
A-ram,1,1
Oksun,1,1
Peyo,1,1
Hansol,1,1
Yoji,1,1
愛次,1,1
hongjin,1,1
supannee,1,1
jiyeon,1,1
Deniss,1,1
minhwa,1,1
Jacek,1,1
Kiem,1,1
hiep,1,1
Meriam,1,1
Đạm,1,1
YUNSUNG,1,1
Nát,1,1
Tarryn,1,1
QUYEN,1,1
kyungsil,1,1
YongPyo,1,1
KYEONGMIN,1,1
severine,1,1
Daliia,1,1
Ju-Hua,1,1
K.Trung,1,1
XIAOLU,1,1
ooi,1,1
kengsiang,1,1
TOSHIAKI,1,1
Kreagsier,1,1
KAZUHIRO,1,1
D.,1,1
Dolly,1,1
Lynda,1,1
SEONGGAB,1,1
Đài,1,1
Aivy,1,1
THỦY,1,1
changkeun,1,1
JEONGIM,1,1
mohammad,1,1
Leong,1,1
Sihan,1,1
Stuart,1,1
KWANGPYO,1,1
Jeonghyun,1,1
Dhruv,1,1
JiHye,1,1
KYUSICK,1,1
LOCK,1,1
Gonzalo,1,1
Sul,1,1
Dust,1,1
Bartosch,1,1
chitrung,1,1
yasuo,1,1
Kriya,1,1
Yejin,1,1
Nu,1,1
HSU,1,1
Nishma,1,1
HYEONSUK,1,1
hyunjoo,1,1
Yuichi,1,1
Beom,1,1
Cheol,1,1
GYOYEON,1,1
Landon,1,1
Megan,1,1
YESOL,1,1
WI,1,1
Younki,1,1
bumchan,1,1
Thitirat,1,1
teahomg,1,1
우진,1,1
Xiaoyue,1,1
TO,1,1
ZHU,1,1
jinwan,1,1
Ui,1,1
Ori,1,1
noraiza,1,1
JaeSeong,1,1
TẮC,1,1
YUZHI,1,1
Jeryd,1,1
jonghwan,1,1
Juhyun,1,1
Leata,1,1
kihong,1,1
SOLJI,1,1
trevor,1,1
Seyoung,1,1
Hyeryung,1,1
Doãn,1,1
Ratheesh,1,1
Ulan,1,1
Geon,1,1
Shai,1,1
THUYEN,1,1
Jake,1,1
PhuongAnh,1,1
Evgeniia,1,1
SOLOVEV,1,1
Pongpan,1,1
Thianrapa,1,1
Jeonghee,1,1
seungye,1,1
ĐÀM,1,1
yasuyoshi,1,1
현두,1,1
Siyun,1,1
Harleigh,1,1
Geok,1,1
Gayeong,1,1
HYELIM,1,1
YOKOKAWA,1,1
huan,1,1
Margaret,1,1
JINYONG,1,1
JUNGHYUNG,1,1
WOOKYUN,1,1
YoungJin,1,1
Warinsiya,1,1
CUC,1,1
Evelyn,1,1
Korina,1,1
CIRCLE,1,1
tang,1,1
hương,1,1
hoyeon,1,1
Yeajun,1,1
SOMYEONG,1,1
Ruud,1,1
Kanyanat,1,1
Lawrie,1,1
GUEM,1,1
히봉봉,1,1
SUNGA,1,1
junbae,1,1
Milica,1,1
Liegi,1,1
toby,1,1
Katja,1,1
Venus,1,1
Amparo,1,1
Nakyoung,1,1
준희,1,1
Yoga,1,1
Aichau,1,1
Singray,1,1
Gloria,1,1
CHUNSAB,1,1
meozin,1,1
aleksei,1,1
tuyết,1,1
Davemma,1,1
Sỹ,1,1
Xiaole,1,1
Choice,1,1
태흠,1,1
soomi,1,1
Sunghyub,1,1
구스,1,1
SUNGPIL,1,1
Baekhee,1,1
mingqi,1,1
혜선,1,1
tackjin,1,1
GEUNWOO,1,1
lâm,1,1
JAEHWI,1,1
ChangHo,1,1
철운,1,1
JaeKwan,1,1
Sangmi,1,1
ju,1,1
sao,1,1
Ferie,1,1
Luyến,1,1
UYEN,1,1
Pierce,1,1
Meria,1,1
Theeraphong,1,1
Monica,1,1
Hwayeong,1,1
MinSeon,1,1
Cheah,1,1
Jinyi,1,1
易儒,1,1
SAIF,1,1
hyoyeon,1,1
JAHOON,1,1
Abdellatif,1,1
CHIKAKO,1,1
Isuru,1,1
CECILIA,1,1
Hanbyeol,1,1
Norzairunida,1,1
KYUNGHEE,1,1
Thân,1,1
ilnam,1,1
jungmi,1,1
Wiktoria,1,1
Mirit,1,1
Valverdinho,1,1
joohyun,1,1
tornchaya,1,1
Jaehee,1,1
Euphorie,1,1
용학,1,1
loc,1,1
Bobae,1,1
luntarima,1,1
haydn,1,1
Jiwoo,1,1
Muhammed,1,1
ferhat,1,1
Anett,1,1
Фарух,1,1
Phở,1,1
Zoe,1,1
Huyên,1,1
bonghyung,1,1
KYOUNGPYO,1,1
SILVERLYSK,1,1
Daisik,1,1
Babak,1,1
Sinhthai,1,1
Akira,1,1
Dajeong,1,1
Nô,1,1
PEIJUN,1,1
Rona,1,1
지,1,1
pradipkumar,1,1
SUNJAE,1,1
Skye,1,1
SAMANTHA,1,1
재철,1,1
Michal,1,1
CHAEEUN,1,1
Jaok,1,1
Hyemi,1,1
Lynne,1,1
Kirti,1,1
Xinyang,1,1
Dejan,1,1
BEOM,1,1
Mable,1,1
Lệnh,1,1
SHUHEI,1,1
melanie,1,1
Realcoin.vn,1,1
ChinTing,1,1
Seyeon,1,1
Tuyetlang,1,1
shih-ping,1,1
Archie,1,1
HAKJIN,1,1
dagyeong,1,1
Jaehan,1,1
ONLYBLACK,1,1
gyeongha,1,1
Becky,1,1
yue,1,1
naibing,1,1
SHEE,1,1
Haeri,1,1
Byungpyo,1,1
Điêu,1,1
Yeong,1,1
Zhao,1,1
MAKSIM,1,1
Ser-Kyung,1,1
영준,1,1
SONGEUN,1,1
Davinia,1,1
Sarmila,1,1
Sumil,1,1
BEOMJUN,1,1
Tiago,1,1
Vannie,1,1
Cheonju,1,1
dieu,1,1
소윤,1,1
Changheon,1,1
Mitchell,1,1
Jeong-Seon,1,1
minkyeong,1,1
Joana,1,1
Sung-Ling,1,1
Carlos,1,1
경아,1,1
인츄,1,1
ThanhThe,1,1
Phồng,1,1
TAEUNG,1,1
Kaz,1,1
Szilvia,1,1
Nai,1,1
설희,1,1
Хасан,1,1
byongkuan,1,1
JIHEE,1,1
Kristian,1,1
Phù,1,1
Myungjin,1,1
Nisarat,1,1
pearl,1,1
KWAG,1,1
Yoonsun,1,1
tschavdar,1,1
Hongmala,1,1
hyeju,1,1
YE,1,1
YUJEONG,1,1
경남,1,1
Mon,1,1
JY,1,1
혜준,1,1
Lực,1,1
Austin,1,1
Cheong,1,1
cheolmin,1,1
Miraflores,1,1
yoo,1,1
Ho-sun,1,1
Mộc,1,1
JIBAEK,1,1
SOUMITREE,1,1
Lois,1,1
SuNa,1,1
Junhee,1,1
Minhye,1,1
YOUNGSIK,1,1
Shailesh,1,1
GyungChol,1,1
Aleksey,1,1
예리,1,1
shermin,1,1
Guai,1,1
Venessa,1,1
EMI,1,1
Lindsay,1,1
Thuydung,1,1
Oskar,1,1
莉,1,1
suthinee,1,1
PocSic,1,1
Rassada,1,1
JUNGYAE,1,1
chhaya,1,1
eungyeol,1,1
Susanne,1,1
Myungji,1,1
남현,1,1
joeng,1,1
지꾸,1,1
VĂn,1,1
YOSUKE,1,1
Kawisara,1,1
JENG,1,1
Jiadi,1,1
TAEWOOK,1,1
BYUNGKIL,1,1
Dany,1,1
gyungeon,1,1
jeongyeol,1,1
WEIXIAN,1,1
Kam,1,1
hyunah,1,1
Youngjun,1,1
Ilona,1,1
tánh,1,1
Momo,1,1
Hyojin,1,1
suyoun,1,1
Niphawan,1,1
Toshin,1,1
akyoung,1,1
Wim,1,1
HYUKMIN,1,1
Yesong,1,1
Ý,1,1
HEECHAN,1,1
soojin,1,1
EDUARD,1,1
hyunhee,1,1
Lucie,1,1
SABINA,1,1
KILDONG,1,1
Joohyeon,1,1
Seoyeon,1,1
Chanwoo,1,1
Lyly,1,1
mary,1,1
YongHoon,1,1
INDERJIT,1,1
YOUNGTAEK,1,1
sunkyung,1,1
BOBAE,1,1
Eren,1,1
DAJIN,1,1
Changi,1,1
HYEONSEON,1,1
NOBORU,1,1
JEREMY,1,1
Aruna,1,1
YUI,1,1
Youngkil,1,1
Eunbi,1,1
sato,1,1
Patty,1,1
davide,1,1
hana,1,1
JUYOEN,1,1
태혁,1,1
Jeon,1,1
DU,1,1
WEIJIE,1,1
yutong,1,1
천둥,1,1
edwin,1,1
New10,1,1
Mẫnn,1,1
SEOKHYEON,1,1
KOO,1,1
Keundae,1,1
UNG,1,1
Punyanutsiri,1,1
동준,1,1
Larisa,1,1
paponwit,1,1
belette,1,1
YeonHwa,1,1
KeeHyun,1,1
Mizuto,1,1
TỐNG,1,1
arisa,1,1
Maartje,1,1
Sanja,1,1
jouyoung,1,1
Eunsaem,1,1
지운,1,1
TUNG,1,1
Hwe,1,1
Ethan,1,1
Suchitar,1,1
Wonchul,1,1
Leilani,1,1
sheena,1,1
Mitsutoshi,1,1
TAEHYUN,1,1
MINHYE,1,1
Osaze,1,1
동국,1,1
Hyeryeon,1,1
Bennet,1,1
Piotr,1,1
isabelle,1,1
christine,1,1
HuiYin,1,1
Amie,1,1
Wonseok,1,1
Cherrypa,1,1
Eujin,1,1
TIONG,1,1
KhanG,1,1
eunmi,1,1
Sirem-on,1,1
MINHO,1,1
Supakanya,1,1
dorothy,1,1
seonji,1,1
Erwan,1,1
KYEONGSOO,1,1
Insung,1,1
duo,1,1
Doeyoung,1,1
April,1,1
SEUNGHEUI,1,1
LIMING,1,1
YUHUN,1,1
Shuyi,1,1
ILKYU,1,1
MARIA,1,1
Silvia,1,1
AKIO,1,1
Галина,1,1
정용,1,1
Younghoon,1,1
Michitaka,1,1
yuanyuan,1,1
Darragh,1,1
Bojana,1,1
Hwa,1,1
Paulina,1,1
Kyunga,1,1
guanghao,1,1
kanika,1,1
J.,1,1
jitti,1,1
Nazan,1,1
Lakshey,1,1
이레,1,1
Seon,1,1
KUNHEE,1,1
Cang,1,1
Nyek,1,1
봉수,1,1
saerom,1,1
Hyang,1,1
재성,1,1
Yeonah,1,1
Lựu,1,1
Olja,1,1
Janice,1,1
hwahyung,1,1
Minha,1,1
jeongdong,1,1
태태럽,1,1
Xila,1,1
Pen,1,1
Tra-My,1,1
Josiah,1,1
Vaibhav,1,1
Perny,1,1
KHACDUY,1,1
RYUYI,1,1
Teck,1,1
YEJEE,1,1
kisu,1,1
Zack,1,1
Sunkyung,1,1
Lanchi,1,1
Sheng,1,1
NAOMI,1,1
seanhei,1,1
quân,1,1
Motherk,1,1
Jaebok,1,1
아빠,1,1
효철,1,1
Jichul,1,1
white,1,1
Yoo,1,1
HÙNG,1,1
HOJIN,1,1
Godefroy,1,1
life,1,1
dukmok,1,1
Zsolt,1,1
greg,1,1
Jidapa,1,1
SEONKYEONG,1,1
Sheridan,1,1
Ghais,1,1
Mia,1,1
JEONGAH,1,1
Liyan,1,1
Carly,1,1
Gayeon,1,1
Ezrio,1,1
youngme,1,1
Aliaksandr,1,1
汐里,1,1
Seokjoo,1,1
tâm,1,1
albert,1,1
Bing,1,1
Ange,1,1
Alittle,1,1
kiet,1,1
Guy,1,1
fabio,1,1
Jaesook,1,1
Biet,1,1
Winita,1,1
e,1,1
yunil,1,1
JOHN,1,1
Constance,1,1
yunchol,1,1
Cương,1,1
VLADIMIR,1,1
janghyung,1,1
SHINJIRO,1,1
Karina,1,1
NAOKI,1,1
Sally,1,1
qiao,1,1
hyeongwook,1,1
HYUY,1,1
sylvie,1,1
D,1,1
Ismail,1,1
Melvin,1,1
Minchul,1,1
STEFANIE,1,1
BoHyun,1,1
ThanhTung,1,1
Ajay,1,1
Mirang,1,1
Jonghwa,1,1
YUNWON,1,1
SUJA,1,1
Yung,1,1
Marie-Eve,1,1
zheng,1,1
SoYeon,1,1
한희,1,1
Minkyoung,1,1
SEONA,1,1
소리,1,1
Tze,1,1
Philipa,1,1
heajung,1,1
Eunyeong,1,1
Nico,1,1
택,1,1
Ningning,1,1
Hadi,1,1
Ruồi,1,1
Wijnand,1,1
Cháo,1,1
Ayumi,1,1
Bolam,1,1
SOJIN,1,1
samuel,1,1
jaejin,1,1
Soonyong,1,1
Sunny,1,1
Lukas,1,1
YOUNGCHEOL,1,1
Kotaro,1,1
Dick,1,1
Saim,1,1
Ross,1,1
Jessada,1,1
Khuê,1,1
ThuHuyền,1,1
sheryl,1,1
hienthu,1,1
niraj,1,1
MARY,1,1
Jeyhun,1,1
Kibeom,1,1
JUHYUN,1,1
EunHee,1,1
EUNKYEONG,1,1
HyunKu,1,1
Heejae,1,1
byeon,1,1
ivan,1,1
Ngaire,1,1
Vinh-phuong,1,1
TSANG,1,1
Harold,1,1
nicole,1,1
Kerati,1,1
tr,1,1
joan,1,1
Woori,1,1
종범,1,1
HISAHARU,1,1
Agata,1,1
Wissam,1,1
Uhm,1,1
Eunbeen,1,1
PO,1,1
luật,1,1
Elvin,1,1
DONGYUP,1,1
Shinyoung,1,1
wonseok,1,1
HyunJung,1,1
Yinxiao,1,1
Chae,1,1
JCA,1,1
Sangsook,1,1
ALEXANDRE,1,1
Rinaldo,1,1
PASCAL,1,1
Katherina,1,1
youngkyung,1,1
HYOJIN,1,1
Eunjoo,1,1
CHUAN,1,1
Chaiyasoon,1,1
Ardhendu,1,1
YOUNNAI,1,1
Nigel,1,1
상은,1,1
승욱,1,1
Ji-yu,1,1
Petra,1,1
Leanne,1,1
BẾCH,1,1
nhók,1,1
Churk,1,1
Chuyan,1,1
Dillon,1,1
bowon,1,1
jaeeun,1,1
CHANWOO,1,1
Ziyad,1,1
Alizar,1,1
im,1,1
Chenlu,1,1
文夫,1,1
SAU,1,1
Paranya,1,1
Dandan,1,1
yangseon,1,1
DooWon,1,1
YINGZI,1,1
태웅,1,1
yao,1,1
Pedro,1,1
Ritchel,1,1
Ritha,1,1
Madeline,1,1
robbie,1,1
Chatchawan,1,1
Calvin,1,1
asma,1,1
HAESOO,1,1
TRần,1,1
jungaea,1,1
Myungsun,1,1
chuyen,1,1
Hea-Won,1,1
Monique,1,1
Jared,1,1
마이,1,1
Padraig,1,1
충충이,1,1
Pratheep,1,1
Heungdeok,1,1
Shinji,1,1
Micky,1,1
Meg,1,1
YOSHIMASA,1,1
Cat,1,1
Nal,1,1
mimi,1,1
tram,1,1
JEEWOONG,1,1
jisu,1,1
Kshitij,1,1
jinhwan,1,1
WOEI,1,1
Tzu-hao,1,1
WEIJIA,1,1
HYEWON,1,1
Jolet,1,1
ngocnt0310@gmail.com,1,1
jaehui,1,1
Dev,1,1
쿠우,1,1
NiNo,1,1
Seungyu,1,1
soojung,1,1
Qayyum,1,1
Qusay,1,1
Kenji,1,1
Wo,1,1
현경,1,1
Tomislav,1,1
덕관,1,1
Sunjeong,1,1
lixin,1,1
giap,1,1
Madalina,1,1
CHOIRYANG,1,1
inseong,1,1
MIJIN,1,1
CHULJOON,1,1
Tuaniim,1,1
Sinae,1,1
주연,1,1
Nghê,1,1
Aiko,1,1
유덕,1,1
kirsty,1,1
hw,1,1
MARILYN,1,1
Juyeon,1,1
STACEY,1,1
AYE,1,1
RUILING,1,1
Miwoo,1,1
KIRSTEN,1,1
Réal,1,1
JIALE,1,1
Sol,1,1
Jutarat,1,1
kimberly,1,1
HIỆP,1,1
cheung,1,1
BING,1,1
성갱,1,1
Shennel,1,1
Seungmuk,1,1
YUNMI,1,1
Dyllan,1,1
Aloys,1,1
Tid,1,1
sujung,1,1
Kelson,1,1
Youngbo,1,1
seakin,1,1
Blaze,1,1
Hoansn,1,1
Russell,1,1
Kew,1,1
OKA,1,1
민석,1,1
PHAP,1,1
WB,1,1
Kihwan,1,1
johnny,1,1
HoYeon,1,1
jinuk,1,1
남윤,1,1
larissa,1,1
changhui,1,1
Yasuda,1,1
phùng,1,1
SULKI,1,1
HyeIm,1,1
VIEN,1,1
Zeljko,1,1
WooSeong,1,1
hyunmin,1,1
HYOSUN,1,1
시은,1,1
dohyun,1,1
TOSHINORI,1,1
OHHEE,1,1
JHEEYHOON,1,1
JIAJUN,1,1
KANGHOON,1,1
Fengning,1,1
Kyong,1,1
lawrence,1,1
yeonjoo,1,1
TAEJIN,1,1
Ji-yeon,1,1
SUBEAN,1,1
NAMJUN,1,1
HAOUL,1,1
Battal,1,1
Bichlien,1,1
SUNGBOK,1,1
KYUNGKOOK,1,1
Paa,1,1
hyungyoung,1,1
jinsuk,1,1
MINKUK,1,1
YONGTAE,1,1
Junpyo,1,1
Eunkyung,1,1
Taek,1,1
Georg,1,1
bihyun,1,1
hoanglam,1,1
Priya,1,1
sehee,1,1
BYONGCHEOL,1,1
suyoung,1,1
YOOLIM,1,1
Akhoun,1,1
ZHE,1,1
suyong,1,1
edul,1,1
02솔T,1,1
Tống,1,1
DAEIL,1,1
Ubisson,1,1
seunghyuk,1,1
Duc-Loi,1,1
jaeman,1,1
SUNGWOO,1,1
HongGhee,1,1
Blake,1,1
gyun,1,1
Taesuk,1,1
JAEJUN,1,1
Yoshiyuki,1,1
jaehoon,1,1
Changyeol,1,1
Yuuki,1,1
정,1,1
TATYANA,1,1
Daphne,1,1
kuk,1,1
TAKAYUKI,1,1
Un,1,1
KTLA,1,1
Geunhye,1,1
Clara,1,1
Jerzy,1,1
Dahee,1,1
Seung-Gi,1,1
Namkyung,1,1
SUNGHWA,1,1
TOSIO,1,1
Verol,1,1
Gilles,1,1
태호,1,1
PATRICE,1,1
Suchi,1,1
vanny,1,1
Pheerada,1,1
Andrzej,1,1
INGYEONG,1,1
시운,1,1
Jungno,1,1
Trầm,1,1
Chara,1,1
SANGYONG,1,1
seolah,1,1
Goda,1,1
YEONGBIN,1,1
Minseo,1,1
sean,1,1
jangmun,1,1
chiwon,1,1
MOK,1,1
Chieu,1,1
인혜,1,1
SOHA,1,1
younsil,1,1
DIEU,1,1
stamen,1,1
Yih,1,1
MEI,1,1
Massimiliano,1,1
JoonMo,1,1
Maxmillan,1,1
VanAnh,1,1
See,1,1
TrầnLê,1,1
Junghee,1,1
Changsoo,1,1
THOM,1,1
vinhphuoc,1,1
길룡,1,1
Orawan,1,1
Dahyun,1,1
Trairat,1,1
sanghwan,1,1
baophuong,1,1
가득,1,1
Tèo,1,1
Gianluca,1,1
Szczepan,1,1
Geert,1,1
tuanh,1,1
HEEOK,1,1
cloud,1,1
Lynton,1,1
Ngew,1,1
Saisai,1,1
소팔,1,1
koo,1,1
KAI-YI,1,1
hyunae,1,1
weixiong,1,1
Andras,1,1
BEOMSOO,1,1
YOUNGCHAE,1,1
Kyungeun,1,1
Rita,1,1
Sudhir,1,1
HoKyung,1,1
MYUNG,1,1
Roxanne,1,1
Chiao,1,1
Tingping,1,1
YOONHEE,1,1
minhee,1,1
dohyung,1,1
hongil,1,1
HYUNGUK,1,1
Hsiao-Yi,1,1
Zung,1,1
BATYR,1,1
SECHANG,1,1
JINSIK,1,1
AQ,1,1
승찬,1,1
Khiếu,1,1
YEONJOO,1,1
Mamed,1,1
Nhàn,1,1
KYONG-AH,1,1
CHIEU,1,1
Tha,1,1
Xiaohao,1,1
Shingo,1,1
SOC,1,1
heera,1,1
Bradley,1,1
Jiun,1,1
Tassanee,1,1
Amritpal,1,1
Foued,1,1
aom,1,1
Narantsetseg,1,1
Jelena,1,1
Nattana,1,1
Heansu,1,1
MITSUTERU,1,1
Krzysztof,1,1
Vỹ,1,1
DONGHEUI,1,1
CHÂU,1,1
HAECHANG,1,1
YUNGYEONG,1,1
keung,1,1
Or,1,1
heungrak,1,1
Zhi,1,1
DZAO,1,1
Trắng,1,1
구구,1,1
Quang.,1,1
Grigory,1,1
SungGyeol,1,1
TRÂN,1,1
Elin,1,1
yuexiang,1,1
Soonjae,1,1
INSU,1,1
SALLY,1,1
Bob,1,1
ariyama,1,1
Hepburn,1,1
MunSeong,1,1
Seunghak,1,1
mong,1,1
Namiko,1,1
sieun,1,1
Ufuk,1,1
JENNY,1,1
Leonie,1,1
Barch,1,1
박신희,1,1
EK,1,1
sangeun,1,1
Jizelle,1,1
DIEP,1,1
Dinhhoai,1,1
Sho,1,1
haeji,1,1
dai,1,1
AYUMI,1,1
JAERAN,1,1
Avinash,1,1
NAREE,1,1
Takeshi,1,1
DAEHYUN,1,1
Thevarajah,1,1
하연,1,1
Kenichi,1,1
JANGSEOK,1,1
Heikki,1,1
두리,1,1
reynald,1,1
Allisona,1,1
Shiska,1,1
JAEYON,1,1
Junha,1,1
Els,1,1
loris,1,1
Ngat,1,1
Kwangshik,1,1
Jenn,1,1
Felix,1,1
Tsung,1,1
Lora,1,1
GAEGWANG,1,1
Christiane,1,1
SEUNGWAN,1,1
MyungCheon,1,1
yongmin,1,1
Yeongran,1,1
Tuc,1,1
Jayden,1,1
Phap,1,1
WECHAHN,1,1
xiaoqiang,1,1
CamTu,1,1
Hyeongbeom,1,1
JiAhn,1,1
SOONHWAN,1,1
Constantin,1,1
Junsik,1,1
Mordechai,1,1
俊杰,1,1
SEUNGKI,1,1
Waraporn,1,1
SOOYEON,1,1
Diu,1,1
Maarten,1,1
YUNHO,1,1
Jiayan,1,1
CHUI,1,1
Marat,1,1
Srinavin,1,1
Cory,1,1
Ad,1,1
Quinton,1,1
세원,1,1
진영,1,1
CHANGJO,1,1
EDM,1,1
JaeKeun,1,1
Donald,1,1
Yunjung,1,1
지원,1,1
NAOTO,1,1
SOON-RYUL,1,1
거울,1,1
Chirag,1,1
Yiyang,1,1
Vijay,1,1
Juthatip,1,1
Malini,1,1
yungsun,1,1
BOOUN,1,1
WONJUN,1,1
Kyoungah,1,1
Marie-France,1,1
yew,1,1
Jackie,1,1
10D5.14,1,1
Yesol,1,1
지은,1,1
seongae,1,1
Kirsty,1,1
Naja,1,1
쀼,1,1
NHÂN,1,1
bích,1,1
Chuyến,1,1
Suto,1,1
netwark,1,1
Lop,1,1
Lầu,1,1
CHEUN,1,1
megha,1,1
Panjamaporn,1,1
Rasmee,1,1
Fomina,1,1
Peow,1,1
Chanabodi,1,1
DONNY,1,1
TAKUMI,1,1
shi,1,1
종현,1,1
Regine,1,1
nachom,1,1
Seorim,1,1
Il,1,1
EUNSUK,1,1
Pran,1,1
MinhTriet,1,1
HUA,1,1
bei,1,1
Franck,1,1
Gigi,1,1
punnapa,1,1
Joella,1,1
Connor,1,1
Tee,1,1
Khanh-Van,1,1
ala,1,1
Lyubomir,1,1
ChienHungTa,1,1
SAKI,1,1
TRang,1,1
Yakov,1,1
Alla,1,1
JIWOON,1,1
SOOHYUN,1,1
Maggie,1,1
Bertus,1,1
seoha,1,1
Carmel,1,1
Raquel,1,1
GyeongHo,1,1
MINGYEONG,1,1
GEOFFREY,1,1
Thuat,1,1
Suzi,1,1
kunyou,1,1
TSE,1,1
kkotchorong,1,1
haewoong,1,1
Kan,1,1
Jeehye,1,1
CHANWOOK,1,1
Alda,1,1
Jongmyoung,1,1
longsheng,1,1
GAYOUNG,1,1
DongMyeong,1,1
Kênh,1,1
Iris,1,1
Được,1,1
hyungku,1,1
artid,1,1
보현,1,1
guan,1,1
성진,1,1
Arnab,1,1
Takeuchi,1,1
SUNGHOON,1,1
완성,1,1
jiaen,1,1
Keh,1,1
Meilan,1,1
hyejoung,1,1
JUNHYEONG,1,1
ILH7HV,1,1
Chuanyun,1,1
Benedict,1,1
Myeonghyeon,1,1
GREGORY,1,1
XIE,1,1
pierre,1,1
HYEIN,1,1
Kooman,1,1
Paramjit,1,1
xiaocheng,1,1
HYOUNG,1,1
MINJUN,1,1
Soyun,1,1
Heesu,1,1
RISA,1,1
강희,1,1
Trafalgar,1,1
shweta,1,1
Dorothy,1,1
KHALID,1,1
Rosie,1,1
Sutima,1,1
Triệu,1,1
Huân,1,1
Xiao,1,1
Liubov,1,1
Segundo,1,1
NAGASAWA,1,1
Jongseok,1,1
Gerd,1,1
konstantin,1,1
martha,1,1
PAK,1,1
QUANG-TAN,1,1
REJANE,1,1
SEUNGJU,1,1
Mandeep,1,1
Alessia,1,1
jooseong,1,1
Cesar,1,1
DAEWOO,1,1
JIUN,1,1
RAMM,1,1
Lokesh,1,1
XIAOYING,1,1
Sophie,1,1
Ratthanan,1,1
CHICHAO,1,1
JOENGAE,1,1
heeseon,1,1
Billy,1,1
Hàn,1,1
Claud,1,1
Minjeong,1,1
Saito,1,1
하린,1,1
주의자,1,1
YeonJin,1,1
SUYEON,1,1
GYESUK,1,1
NaRin,1,1
Siwimol,1,1
suhee,1,1
크흐,1,1
승후,1,1
okryoung,1,1
TRƯƠNG,1,1
YEONGJIN,1,1
MJ,1,1
"#Aperol",1,1
Gioi,1,1
JIAXI,1,1
juseong,1,1
HEYRA,1,1
Yat,1,1
Atul,1,1
Ruimeng,1,1
XIAODI,1,1
heo,1,1
Elina,1,1
MYO,1,1
Egorov,1,1
Thiem,1,1
Luatt,1,1
MIKIKO,1,1
JOUNGWOOK,1,1
yingxuan,1,1
myungsoo,1,1
Men,1,1
Kensaku,1,1
Sunita,1,1
ZHIYAN,1,1
Nantawach,1,1
KEUNMO,1,1
KANGSEOK,1,1
holsi,1,1
Lawrance,1,1
Natsuno,1,1
Suchawadee,1,1
Anatasiia,1,1
HUIMING,1,1
sangmi,1,1
haont,1,1
Hongfan,1,1
Meeso,1,1
ChangMyeon,1,1
LeeYing,1,1
sanggyu,1,1
stephanie,1,1
태우,1,1
Agung,1,1
Vĩ,1,1
Darang,1,1
bảo,1,1
Hornes,1,1
lara,1,1
Dukil,1,1
명석,1,1
Saowalak,1,1
Kiki,1,1
thanhhai,1,1
Reena,1,1
Tobias,1,1
JIAJIE,1,1
Sehyeon,1,1
CHRISTOPHER,1,1
Bg,1,1
HAEYOUNG,1,1
nurul,1,1
seonyoung,1,1
Donghae,1,1
Sungyun,1,1
Doli,1,1
sunghyun,1,1
Aigaswari,1,1
JONGSAM,1,1
sanson,1,1
ALEKSANDR,1,1
Nammeo,1,1
hyeona,1,1
Magnus,1,1
Noa,1,1
SUJUNG,1,1
muhd,1,1
MINSOO,1,1
doosik,1,1
Chohee,1,1
HOAI,1,1
Cecilia,1,1
JEONGWOOK,1,1
Hyebeen,1,1
yeaiwon,1,1
5jiae,1,1
CHAO,1,1
Tian,1,1
Ilyani,1,1
Weiping,1,1
yixin,1,1
He,1,1
Pil,1,1
찬호,1,1
Lennard,1,1
JINSUK,1,1
MYEONGHO,1,1
Muoi,1,1
액션,1,1
xinyuan,1,1
KIHONG,1,1
Federico,1,1
희연,1,1
YUEHAN,1,1
은비,1,1
Hoamoon,1,1
Nadeen,1,1
emi,1,1
Pey,1,1
Woon,1,1
Natalee,1,1
Trac,1,1
aunyawee,1,1
LAW,1,1
JUNYOUNG,1,1
준비,1,1
Pouya,1,1
Ludivine,1,1
Akshay,1,1
anatoly,1,1
1206,1,1
Andres,1,1
부영,1,1
Aude,1,1
Nurul,1,1
Martina,1,1
Cel,1,1
CHUNXIU,1,1
Sijia,1,1
Cihan,1,1
YUTIN,1,1
Tintswalo,1,1
Ieong,1,1
VIDURA,1,1
Dario,1,1
Cas,1,1
Funny,1,1
tuananh01tq,1,1
HOONDOO,1,1
MANLING,1,1
xue,1,1
Maren,1,1
kyoungwon,1,1
Jaeongho,1,1
JUICHI,1,1
MIHYUN,1,1
grg,1,1
Nuri,1,1
Emilia,1,1
Kristin,1,1
Chuleeporn,1,1
JONGHWAN,1,1
HANA,1,1
sujeong,1,1
HAKSEON,1,1
HJ,1,1
tam,1,1
Vick,1,1
JONGBIN,1,1
Xiangnan,1,1
Kengo,1,1
JIANLE,1,1
megan,1,1
Cady,1,1
현호,1,1
CheWei,1,1
Gerion,1,1
Độ,1,1
KUYNGWON,1,1
HyeJee,1,1
RONALD,1,1
Yerin,1,1
창호,1,1
sumin,1,1
구리스,1,1
미영,1,1
vuthiminh,1,1
Virginie,1,1
Eunyul,1,1
씌,1,1
LIHUA,1,1
Marelle,1,1
Yaeram,1,1
shih,1,1
BINI,1,1
Quinn,1,1
Andrei,1,1
YSH,1,1
yunjoung,1,1
SEGON,1,1
Jaeha,1,1
Vivianne,1,1
Jarrod,1,1
JinWoo,1,1
HYEONSOO,1,1
Tû,1,1
0616237904,1,1
다인,1,1
Chaebean,1,1
yukari,1,1
Manuella,1,1
윤재,1,1
HELENA,1,1
Ezio,1,1
Uwe,1,1
Onkei,1,1
huệ,1,1
MrBư,1,1
성호,1,1
BOKWON,1,1
PUN,1,1
LOC,1,1
Heebin,1,1
duyên,1,1
Kiim,1,1
Nannan,1,1
Byungjoon,1,1
Sehee,1,1
ZHENGFU,1,1
Baranova,1,1
roberto,1,1
Kazuro,1,1
Thicamvan,1,1
Haiwon,1,1
Nicolai,1,1
foo,1,1
SEUNGJOO,1,1
ThuTrang,1,1
Uy,1,1
미승,1,1
MOONOK,1,1
Hyunji,1,1
tsz,1,1
Arnulf,1,1
NING,1,1
QUỲNH,1,1
Hubgram,1,1
ZHIQUAN,1,1
Geraldine,1,1
GIÁNG,1,1
다원,1,1
경훈,1,1
Rodel,1,1
Cri,1,1
Yiseon,1,1
JUBONG,1,1
Haneul,1,1
Kun,1,1
DONGKEUN,1,1
Hans,1,1
Swati,1,1
ZI,1,1
heemun,1,1
TÙNG,1,1
trương,1,1
Siobhan,1,1
Daesung,1,1
KwangSik,1,1
YUQING,1,1
iksu,1,1
andre,1,1
Eunjung,1,1
Courtney,1,1
Jacky,1,1
Liễu,1,1
sannghwan,1,1
Chih,1,1
Abi,1,1
Maksim,1,1
유민,1,1
정석,1,1
MINGI,1,1
surixon,1,1
Soi,1,1
Goeun,1,1
dashuria,1,1
HAEKONG,1,1
kahyee,1,1
Sunju,1,1
룰,1,1
nampetch,1,1
LIEW,1,1
changho,1,1
JINHEE,1,1
Betty,1,1
yuta,1,1
Laurs,1,1
N,1,1
EUNMOG,1,1
Sativa,1,1
bu,1,1
Evelina,1,1
찐,1,1
Hovhannes,1,1
Alma,1,1
Guocheng,1,1
jaechul,1,1
Bếp,1,1
seonyeol,1,1
Sarveshwar,1,1
Rohan,1,1
JINGYEONG,1,1
JINIL,1,1
수종,1,1
Mika,1,1
Xe,1,1
WenZhi,1,1
Youngho,1,1
Myung,1,1
Sebin,1,1
sulhee,1,1
Waranya,1,1
YULIN,1,1
SANGWAN,1,1
hyungjun,1,1
DAECHEOL,1,1
TOMOKI,1,1
KIDEOG,1,1
Aljoscha,1,1
nghiem,1,1
taesu,1,1
jinseok,1,1
대근,1,1
MIA,1,1
JEGAL,1,1
규영,1,1
Genia,1,1
hyeji,1,1
Dustin,1,1
elham,1,1
haizhou,1,1
Ti,1,1
Alec,1,1
HUAHUA,1,1
Rubie,1,1
HÀ,1,1
Conrad,1,1
yafit,1,1
Younghwan,1,1
dan,1,1
JINU,1,1
JINSEONG,1,1
THANATRUNAN,1,1
Khairun,1,1
Hop,1,1
carrot,1,1
Hyunyoung,1,1
Subhankar,1,1
Joerg,1,1
Yennie,1,1
varunya,1,1
Philipp,1,1
Lubos,1,1
smallye,1,1
Abdiel,1,1
LONGZHEN,1,1
kyungeun,1,1
YuQi,1,1
JINBIN,1,1
Nhiên,1,1
Marianna,1,1
nick,1,1
Palisoc,1,1
Cristian,1,1
cheol,1,1
SUNGHWAN,1,1
GoodMan,1,1
Chaeyeon,1,1
Dion,1,1
CHATCHADA,1,1
Hila,1,1
hue,1,1
Francesca,1,1
Dijana,1,1
Aminah,1,1
Yue,1,1
WATCHARAPORN,1,1
PooiKit,1,1
YEJI,1,1
công,1,1
YoungHo,1,1
Caine,1,1
Candace,1,1
시영,1,1
Seungjoo,1,1
Changyoung,1,1
영철,1,1
충연,1,1
PINYAO,1,1
thien,1,1
GEE,1,1
TUẤN,1,1
UGYEONG,1,1
PAVEL,1,1
Mẹ,1,1
Dongcheon,1,1
heyyeon,1,1
Thoi,1,1
Mandy,1,1
Kassie,1,1
Belac,1,1
Tonhu,1,1
Mikk,1,1
미니,1,1
Gwihyeon,1,1
JINSIL,1,1
Jongwoo,1,1
HANNA,1,1
Yeongsook,1,1
YONGSOO,1,1
효정,1,1
Augustine,1,1
THIÊNG,1,1
JaeHak,1,1
SUNIL,1,1
BAC,1,1
tùng,1,1
HEEKYUNG,1,1
MON,1,1
Youn,1,1
Murray,1,1
sungmook,1,1
Rolando,1,1
CHUNIL,1,1
SZE,1,1
BANGON,1,1
Drake,1,1
Joungae,1,1
YUNJU,1,1
Jean-François,1,1
yoonjae,1,1
彩,1,1
Ralen,1,1
JEUNGHEE,1,1
DAON,1,1
pHuy,1,1
HEON,1,1
ROH,1,1
Fan,1,1
승철,1,1
BORIMAT,1,1
misch,1,1
ANASTASIIA,1,1
Yeonggyo,1,1
JINJU,1,1
JeongAh,1,1
Janna,1,1
hải,1,1
taehee,1,1
YEOUNG,1,1
SUNMYOUNG,1,1
Dirkie,1,1
Ze,1,1
혜지,1,1
hyeri,1,1
Jihua,1,1
Nhạn,1,1
Primož,1,1
harley,1,1
MARRY,1,1
Nattawat,1,1
JiAe,1,1
sumie,1,1
Thua,1,1
Shaohua,1,1
keewon,1,1
kihun,1,1
EUNYEONG,1,1
Kean,1,1
Ramy,1,1
JEONGYUN,1,1
Aleksander,1,1
Eunha,1,1
Georgia,1,1
Pakorn,1,1
Hwayoung,1,1
JunJung,1,1
Nurdiyana,1,1
dragon,1,1
Cora,1,1
가희,1,1
Natalia,1,1
Changhun,1,1
Voramon,1,1
효석,1,1
KWAN,1,1
Nichola,1,1
Dep,1,1
Xia,1,1
SHOZO,1,1
YESEONG,1,1
Supansa,1,1
Kwangpil,1,1
PHATTRAPONG,1,1
hyerim,1,1
MUSE,1,1
Chye,1,1
Heehye,1,1
Demi,1,1
Georgette,1,1
Panthep,1,1
Bon,1,1
HEECHUL,1,1
kenedy,1,1
Moreau,1,1
Iaroslav,1,1
cẩm,1,1
Kwai,1,1
Suan,1,1
hwadong,1,1
Leonid,1,1
SungPil,1,1
Pomhee,1,1
주훈,1,1
Ligineva,1,1
Ich,1,1
bruno,1,1
Hoàng,1,1
찬,1,1
BOFIA,1,1
Franscisca,1,1
철우,1,1
Thiểng,1,1
KIMUN,1,1
Rahul,1,1
ROHAIZAD,1,1
Otto,1,1
PhuongLy,1,1
flask,1,1
Heungju,1,1
hokyung,1,1
SeIl,1,1
Kaye,1,1
fulin,1,1
Ingo,1,1
kaigin,1,1
SUNGHEE,1,1
Sunggoog,1,1
Nhóc,1,1
혜민,1,1
Cuu,1,1
mukta,1,1
Khan,1,1
Súp,1,1
모찌돌체,1,1
Palmer,1,1
cheongah,1,1
KACHING,1,1
Kabilan,1,1
carmine,1,1
경종,1,1
cap,1,1
Oscar,1,1
Yeens,1,1
Skybeach,1,1
Soojung,1,1
Vishal,1,1
HYUNA,1,1
Gino,1,1
Dongjun,1,1
Miaomiao,1,1
yunsong,1,1
Serene,1,1
MinGyo,1,1
PANUPHONG,1,1
SG,1,1
Onder,1,1
dahee,1,1
Yanh,1,1
JUNHAO,1,1
Piero,1,1
Ciera,1,1
Yoonjung,1,1
KWANGIL,1,1
Marloes,1,1
Cielo,1,1
쥰,1,1
Mammen,1,1
Virginia,1,1
angel,1,1
MINU,1,1
Ruslan,1,1
태민,1,1
hồng,1,1
soh,1,1
GREG,1,1
MAYA,1,1
Huê,1,1
Yogesh,1,1
Rang-Hee,1,1
나온,1,1
Bertrand,1,1
Dingjie,1,1
hyejung,1,1
Ryoo,1,1
logan,1,1
inkyo,1,1
allyson,1,1
Chwee,1,1
PARAS,1,1
Zz,1,1
xi,1,1
Arnaud,1,1
CYNTHIA,1,1
Dominique,1,1
Klinphaka,1,1
CHEOK,1,1
YOUNGHWA,1,1
Changil,1,1
Chisanupong,1,1
Benita,1,1
대한,1,1
hyeseon,1,1
yuri,1,1
인경,1,1
화림,1,1
YONGSEUNG,1,1
KOJI,1,1
Nghĩa,1,1
Napawan,1,1
윤미,1,1
Tara,1,1
vân,1,1
Aleksandrov,1,1
Ainura,1,1
Hiến,1,1
Kimmy,1,1
RIRA,1,1
weiwen,1,1
Jiho,1,1
Eunho,1,1
Siriporn,1,1
필우,1,1
VOON,1,1
Naoki,1,1
Jesse,1,1
gyeong,1,1
Filip,1,1
Natalija,1,1
JEONGHAN,1,1
que,1,1
Misung,1,1
Jinkyung,1,1
israa,1,1
byungseo,1,1
JEONGA,1,1
EUNAH,1,1
Mihye,1,1
Tỉnh,1,1
kyongeun,1,1
Xiangrui,1,1
Đậm,1,1
seonhwa,1,1
Highhe,1,1
DAHEE,1,1
gahyeon,1,1
JUAE,1,1
Janyarak,1,1
Lyudmila,1,1
jongha,1,1
Mick,1,1
NURI,1,1
yunseo,1,1
mingeun,1,1
Seungho,1,1
Malene,1,1
Janny,1,1
tamika,1,1
SUNGYONG,1,1
ぴくるす,1,1
ga,1,1
Byungkuk,1,1
Adrien,1,1
Bruca,1,1
Bok,1,1
MASATO,1,1
MYUNGSUK,1,1
다정,1,1
Aksan,1,1
yoko,1,1
hoogorn,1,1
Lotta,1,1
kelly,1,1
GUOMING,1,1
Perry,1,1
영주,1,1
yongjin,1,1
saodat,1,1
akihito,1,1
Fahmi,1,1
Hei,1,1
ChiSong,1,1
DaHyun,1,1
hyojee,1,1
Tramy,1,1
minjin,1,1
ChangTa,1,1
Giangg,1,1
Eduardo,1,1
Zebuel,1,1
kee,1,1
chon,1,1
석원,1,1
한준,1,1
Mã,1,1
Hoe,1,1
Gregoire,1,1
Bumsu,1,1
ananyanut,1,1
JINGWEN,1,1
HOHYEON,1,1
Zue,1,1
Rajendra,1,1
delight,1,1
자련,1,1
Andrej,1,1
Tadas,1,1
Byeongki,1,1
SEONGWON,1,1
jaehak,1,1
Darius,1,1
Florevic,1,1
INGU,1,1
JUNGWON,1,1
Fernanda,1,1
DENGQUN,1,1
Miles,1,1
Frederick,1,1
Hướng,1,1
jiyu,1,1
Mart,1,1
Kimberley,1,1
No,1,1
대영,1,1
Bessie,1,1
KAZUKI,1,1
Sadaharu,1,1
KUKSUG,1,1
Peerapong,1,1
Mar,1,1
한욱,1,1
Renald,1,1
Filipe,1,1
yaxian,1,1
LIMIN,1,1
hình,1,1
BOEUN,1,1
Soonja,1,1
DONGHYUN,1,1
i,1,1
BENG,1,1
Zakaria,1,1
은주,1,1
Faustino,1,1
DUKHWAN,1,1
DAJUNG,1,1
JAGEUK,1,1
Nagyeong,1,1
Yunseo,1,1
gi,1,1
changsun,1,1
suthinan,1,1
thắng,1,1
serang,1,1
경인,1,1
다솜,1,1
찬민,1,1
상헌,1,1
yumeng,1,1
Miguel,1,1
eunyoup,1,1
Angkana,1,1
Lucyana,1,1
Lịch,1,1
OHYUN,1,1
Wonsuk,1,1
KHANG,1,1
Pannita,1,1
vanthanong,1,1
VĂN,1,1
Piyadhida,1,1
karima,1,1
ALEJANDRO,1,1
Juwani,1,1
hwajin,1,1
HUIRU,1,1
DaBeen,1,1
Sỳ,1,1
INJAE,1,1
HYUNHO,1,1
QINGYU,1,1
YEAN,1,1
Byungeun,1,1
shoulan,1,1
Seulgi,1,1
Frieda,1,1
Xinh,1,1
Xiumin,1,1
ravi,1,1
Soomi,1,1
yasutaka,1,1
영순,1,1
toshihiko,1,1
Gyuri,1,1
clint,1,1
Chinhchinh,1,1
hyewon,1,1
HWAYOUNG,1,1
원주,1,1
HWANHI,1,1
Punnapa,1,1
Kaushik,1,1
sylle,1,1
sooyeon,1,1
HYUNSEUNG,1,1
Leeann,1,1
dae,1,1
슈,1,1
sukhyang,1,1
Taegyeom,1,1
SEIL,1,1
Li-Chi,1,1
Pavena,1,1
주원,1,1
haesoon,1,1
Toàn,1,1
용해,1,1
dzuy,1,1
Raymundo,1,1
OHKI,1,1
Raffaella,1,1
sara,1,1
화자,1,1
kundan,1,1
Supoch,1,1
SEWON,1,1
pieona,1,1
Виктория,1,1
seol,1,1
sunpeth,1,1
KYOUNGRYEUL,1,1
michelle,1,1
VIỄN,1,1
wah,1,1
Kochih,1,1
Ruoqiong,1,1
jaejung,1,1
jeenkyung,1,1
Alper,1,1
hanying,1,1
JIMN,1,1
yongqiang,1,1
제유,1,1
주,1,1
Hye-jeong,1,1
HYEON,1,1
준엽,1,1
VĨNH,1,1
Ariel,1,1
bobae,1,1
Jasmine,1,1
Aphong,1,1
BAISONG,1,1
SUONG,1,1
Taekgue,1,1
Wingty,1,1
Maja,1,1
sukju,1,1
Allison,1,1
DAIN,1,1
Eunsun,1,1
Zahoor,1,1
Tanner,1,1
Zell,1,1
LEONG,1,1
Volker,1,1
shirley,1,1
Yeshong,1,1
YASUNAO,1,1
hyunjung,1,1
ĐẶNG,1,1
Klaus,1,1
Gaël,1,1
Mozapher,1,1
mogens,1,1
zalo,1,1
Napaphat,1,1
상준,1,1
Claude,1,1
SEUNGCHEOL,1,1
minjeong,1,1
HWASIL,1,1
Keunho,1,1
kyungon,1,1
Youngor,1,1
Mevlut,1,1
Varun,1,1
Inae,1,1
YOUNJEONG,1,1
EunYoung,1,1
CHURHO,1,1
Koji,1,1
Cadilnis,1,1
Eunsol,1,1
Kyungmin,1,1
Thavaraj,1,1
은엽,1,1
동인,1,1
KYONG,1,1
완스토리,1,1
hyeonsu,1,1
Que,1,1
Wee,1,1
Taiji,1,1
juyeon,1,1
DAWON,1,1
Randy,1,1
sijin,1,1
LEe,1,1
Seongje,1,1
SIRIRAT,1,1
84,1,1
lulu,1,1
chauthicam,1,1
youngsun,1,1
jianxing,1,1
승기,1,1
jeheon,1,1
YunHye,1,1
Niềm,1,1
geeta,1,1
JaeYung,1,1
Moo,1,1
Truyền,1,1
Mezonan,1,1
WOONGJAE,1,1
SEONKYUNG,1,1
GILBERT,1,1
Jaein,1,1
MaiKhanh,1,1
kiwoo,1,1
Yihua,1,1
ManNing,1,1
Oana,1,1
Natthaya,1,1
Kingssa,1,1
Kwak,1,1
초희,1,1
테네,1,1
Dohyun,1,1
seyoung,1,1
Haesol,1,1
Còm,1,1
SaHoa,1,1
NOBUKO,1,1
HYOMIN,1,1
HEESU,1,1
JINSEOK,1,1
Karine,1,1
JUNICHI,1,1
hanjin,1,1
đại,1,1
Shiyang,1,1
Nadja,1,1
규림,1,1
inyoung,1,1
YAPEI,1,1
NHATRANG,1,1
TAERIM,1,1
Sy,1,1
manish,1,1
Alvaro,1,1
G,1,1
HanEn,1,1
NGHA,1,1
ERIKO,1,1
Mannie,1,1
Tijana,1,1
YAN,1,1
PHUNGTRUNGAN,1,1
Emilien,1,1
Ai-Ling,1,1
TAEHYUNG,1,1
MASAHIRO,1,1
Muanjan,1,1
Chou,1,1
정우,1,1
hyojung,1,1
양,1,1
Miho,1,1
Sui,1,1
arum,1,1
Suchada,1,1
Amicia,1,1
SAROK,1,1
woori,1,1
YASUNARI,1,1
ChaeYeon,1,1
Amelie,1,1
Thanh-Ho,1,1
BONGRYEONG,1,1
샛별,1,1
Seovin,1,1
todd,1,1
Janka,1,1
Tasha,1,1
YOUNGSOON,1,1
김,1,1
jinkyum,1,1
도영,1,1
SANGSU,1,1
Luis,1,1
Damian,1,1
Leci,1,1
junyeun,1,1
Gana,1,1
jiae,1,1
Byunggun,1,1
THUÝ,1,1
KANGMIN,1,1
Galina,1,1
Yunkyoung,1,1
Linhong,1,1
WENRONG,1,1
Shuanh,1,1
CINDY,1,1
BIN,1,1
châu,1,1
Rohit,1,1
Khuyên,1,1
21_Điêu,1,1
myung,1,1
tố,1,1
HYUNHEE,1,1
Lor,1,1
guy,1,1
Lính,1,1
SANGYUN,1,1
misa,1,1
다슬,1,1
HaYoon,1,1
Holger,1,1
Gijin,1,1
Zhongyou,1,1
SANHONG,1,1
PENG,1,1
TANLOC,1,1
霈吟,1,1
GOEUN,1,1
InJea,1,1
JIEYI,1,1
Khvoshch,1,1
JIAMING,1,1
su-min,1,1
성석,1,1
Micah,1,1
pkthithi,1,1
Soudathip,1,1
dain,1,1
snaga,1,1
tim,1,1
miseon,1,1
Toluu,1,1
sonali,1,1
Genevieve,1,1
Maddison,1,1
Tsan,1,1
YIXUE,1,1
tiencong,1,1
roseoungnam,1,1
chiêm,1,1
chandrakala,1,1
cecilia,1,1
YOUNGJIN,1,1
PIMPHORN,1,1
Daniels,1,1
영경,1,1
Jaff,1,1
WISANUPONG,1,1
KHAMIDKHON,1,1
HYUNKYUNG,1,1
daeun,1,1
Hoong,1,1
Canary,1,1
순영,1,1
Hweekyung,1,1
JUSANG,1,1
octavian,1,1
GIM,1,1
HAEUN,1,1
04.,1,1
kah,1,1
Michał,1,1
sungbum,1,1
Huijuan,1,1
deng,1,1
Mull,1,1
Xanh,1,1
lency,1,1
Vikas,1,1
Minki,1,1
YOUJEOUNG,1,1
NEREA,1,1
Yudesh,1,1
Eunsup,1,1
yohan,1,1
Sudarat,1,1
MinSoo,1,1
Budong,1,1
Akhil,1,1
Hyae,1,1
Yêu,1,1
Phiona,1,1
chaewon,1,1
linson,1,1
Arjun,1,1
HYOJUN,1,1
heejae,1,1
Poon,1,1
Peta,1,1
SEUNGHYUN,1,1
Yiseul,1,1
Vasiliy,1,1
Tumie,1,1
VASILI,1,1
ken,1,1
GERD,1,1
Undarmaa,1,1
HII,1,1
PAPANGKON,1,1
yongcheol,1,1
suhyun,1,1
SHIGEO,1,1
Tayon,1,1
Khampheng,1,1
Julien,1,1
Ofan,1,1
tina,1,1
anne,1,1
Deb,1,1
Đồi,1,1
liên,1,1
JUNHWA,1,1
Eunbee,1,1
SungA,1,1
화영,1,1
Arina,1,1
Youngjae,1,1
serge,1,1
JANINE,1,1
Yossi,1,1
wey,1,1
BENJAWAN,1,1
nikki,1,1
ShonTodd,1,1
CHAM,1,1
IK,1,1
Katarzyna,1,1
Nhỏ,1,1
Jame,1,1
jeongwon,1,1
SYUHEI,1,1
Dhayaalhan,1,1
YURIKO,1,1
동우,1,1
tinh,1,1
Sejae,1,1
bach,1,1
kún,1,1
Cloe,1,1
Seongkyoung,1,1
CHUNTIEN,1,1
MANYOUNG,1,1
Shanshan,1,1
EunJu,1,1
Marcela,1,1
YEONGJUN,1,1
HONGUN,1,1
Severin,1,1
PEDRO,1,1
UIJIN,1,1
joshua,1,1
Bianka,1,1
sophia,1,1
Artyom,1,1
Tin-Lok,1,1
sungyong,1,1
HYEONGSEOK,1,1
Zhang,1,1
Mikyoung,1,1
seow,1,1
JISOO,1,1
Doantrang,1,1
Ute,1,1
유본,1,1
DONGIK,1,1
K.Y.,1,1
OCK,1,1
SEUNGBONG,1,1
Mukhammed,1,1
po,1,1
VUI,1,1
Hayong,1,1
thư,1,1
Rachell,1,1
MIHWA,1,1
YOORI,1,1
Ith,1,1
HYUNMIN,1,1
Merita,1,1
Veko,1,1
Venkata,1,1
dani,1,1
Lúm,1,1
siahn,1,1
Sumit,1,1
kanyakon,1,1
weijian,1,1
SooJeong,1,1
eunsuk,1,1
Deshan,1,1
miguel,1,1
yangwook,1,1
Yereen,1,1
Matilde,1,1
HAENG,1,1
GARAM,1,1
Yeeun,1,1
Thanapat,1,1
Aynabat,1,1
đỗ,1,1
Sungyeon,1,1
jeonghyun,1,1
Ellayn,1,1
Geunseok,1,1
Woosu,1,1
자,1,1
Pree,1,1
schreiner,1,1
Isao,1,1
LICHUN,1,1
nararat,1,1
MIRI,1,1
derek,1,1
혜빈,1,1
Nghe,1,1
qwe,1,1
Yongyeol,1,1
luliang,1,1
MINKOO,1,1
Czarina,1,1
maocheng,1,1
aruem,1,1
Rhea,1,1
nancy,1,1
ayako,1,1
tham,1,1
Marianne,1,1
jiamin,1,1
yuin,1,1
Suhyeon,1,1
YASUYOSHI,1,1
DANBI,1,1
seonghun,1,1
Triển,1,1
현기,1,1
zuoyi,1,1
JOOHWAN,1,1
Gail,1,1
Smrutinjay,1,1
Jaroslav,1,1
Yuehrou,1,1
Hiromi,1,1
Xíu,1,1
Ji-hoon,1,1
Đo,1,1
JUNLIN,1,1
Dariusz,1,1
Pia,1,1
Youngin,1,1
matias,1,1
연주,1,1
悠馬,1,1
Dongyoung,1,1
TAEUK,1,1
Lili,1,1
SOYOUN,1,1
CHUNGMYUNG,1,1
세영,1,1
UEN,1,1
주근,1,1
YUANLU,1,1
HYESANG,1,1
Sujung,1,1
Игорь,1,1
beatrice,1,1
chisato,1,1
yongwen,1,1
Kou,1,1
hyeon,1,1
Taeil,1,1
pei,1,1
민준,1,1
huynmi,1,1
Carlton,1,1
RAHEE,1,1
hoodong,1,1
j,1,1
DalSSong,1,1
INJOON,1,1
SeongHye,1,1
OANH,1,1
Stefania,1,1
YOULEE,1,1
Savio,1,1
Waldemar,1,1
hanyue,1,1
Sylvan,1,1
Myeong-hwa,1,1
Janine,1,1
Myunghoon,1,1
CHINYIN,1,1
Seth,1,1
FU-CHENG,1,1
Jonas,1,1
sujitra,1,1
Edyta,1,1
duk-sun,1,1
Jaeah,1,1
HYOIN,1,1
珍惜,1,1
Taib,1,1
MIRIM,1,1
TAO,1,1
luong,1,1
Rishpal,1,1
Moi,1,1
JAEJIN,1,1
Hiyo,1,1
JOSA,1,1
Mellisa,1,1
Youngsoo,1,1
Pho,1,1
ong,1,1
SONGWOO,1,1
NAREA,1,1
SEUNGIK,1,1
kiwon,1,1
MYUNGSUN,1,1
YC,1,1
Masae,1,1
Soyul,1,1
Caila,1,1
Viet-Anh,1,1
하늘,1,1
001,1,1
Yongwen,1,1
단아,1,1
YILING,1,1
hyomin,1,1
JIAYING,1,1
BITNARI,1,1
KYUNGJA,1,1
lũ,1,1
어기,1,1
Hươngg,1,1
narae,1,1
SANGMOK,1,1
nganhong,1,1
Helena,1,1
chánh,1,1
thuc,1,1
Zduong,1,1
HANGSOO,1,1
Ynhu,1,1
DONGHYUNG,1,1
효진,1,1
SUNGYEON,1,1
Maik,1,1
HUTEAU,1,1
Shang,1,1
Anait,1,1
SHUI,1,1
Thiti,1,1
KAZUO,1,1
GEONHEE,1,1
ATSUSHI,1,1
Matteo,1,1
Nguye,1,1
Tsang,1,1
SaeRom,1,1
JIAWEI,1,1
Hwigeun,1,1
join,1,1
Varuna,1,1
Biljana,1,1
Eunsu,1,1
SANGMOON,1,1
Aman,1,1
Suchai,1,1
DONGHEE,1,1
SOUNEA,1,1
DOHYUN,1,1
태녀,1,1
롱지,1,1
Quach,1,1
Lo,1,1
HANJU,1,1
Tịnh,1,1
Shuting,1,1
FILM,1,1
KIDONG,1,1
Liliane,1,1
jeeyeon,1,1
YoungMin,1,1
JONGSEONG,1,1
Byungjoo,1,1
Waraphorn,1,1
Trai,1,1
Aleksandra,1,1
GYEONGSUN,1,1
HEEBONG,1,1
DAMIR,1,1
sy,1,1
SeungTaek,1,1
해피,1,1
비,1,1
EBIV,1,1
Seongsu,1,1
Erol,1,1
shogbana,1,1
kihoon,1,1
Sowoon,1,1
BYOUNG,1,1
Ut,1,1
Toby,1,1
Yeonsu,1,1
Parimal,1,1
Ainars,1,1
SUMMER,1,1
changyoo,1,1
OM,1,1
Angelo,1,1
Jean-Marc,1,1
younhee,1,1
SOOJIN,1,1
Bozena,1,1
junli,1,1
Hongha,1,1
bomi,1,1
Colm,1,1
Thisana,1,1
Hon,1,1
YONGHAWN,1,1
경표,1,1
marc,1,1
SihPing,1,1
MINSUK,1,1
Chutima,1,1
murakami,1,1
jaehan,1,1
Manli,1,1
INYOUNG,1,1
탬탬,1,1
noboru,1,1
ciggie,1,1
sangchur,1,1
EMILY,1,1
HINAKO,1,1
seungri,1,1
NagYeong,1,1
tín,1,1
linda,1,1
Thanathorn,1,1
lin,1,1
민호,1,1
Adelya,1,1
Chân,1,1
EunJin,1,1
Dhaval,1,1
Siwapiragam,1,1
HU,1,1
Chihoon,1,1
MISOON,1,1
Bao-Hien,1,1
Charity,1,1
sola,1,1
NAMYEOL,1,1
eunkyo,1,1
BYUNGCHE,1,1
Jody,1,1
ᄒ,1,1
뽀짝,1,1
Sian,1,1
MASASHI,1,1
Hongmin,1,1
Jongki,1,1
NARI,1,1
KYAW,1,1
ANTON,1,1
화진,1,1
SHONG,1,1
Chuyen,1,1
yongseok,1,1
Harsh,1,1
sok,1,1
KE,1,1
kha,1,1
Haly,1,1
Jamal,1,1
Uran,1,1
RAN,1,1
Tae-hyun,1,1
TranThiThanh,1,1
Alina,1,1
Juncheol,1,1
Soobin,1,1
Chian,1,1
fuh,1,1
jonathan,1,1
Fdrc,1,1
Yeongkyu,1,1
Manasa,1,1
PEIYANG,1,1
Camilo,1,1
LienNhi,1,1
chinh,1,1
TAIWON,1,1
CHOONGHEE,1,1
CHOONG,1,1
INHEE,1,1
Mến,1,1
jiaoyang,1,1
Haecheon,1,1
Nơi-Xứ,1,1
Aelyun,1,1
Chanokchaya,1,1
Shinwan,1,1
Hathu,1,1
Malachy,1,1
BOHEE,1,1
Quí,1,1
hyunjae,1,1
daeha,1,1
Larina,1,1
kher,1,1
kangkuk,1,1
Wooneok,1,1
doan,1,1
Mengling,1,1
Frankie,1,1
Krista,1,1
Amrita,1,1
RUBTSOVA,1,1
Alethia,1,1
Mijeong,1,1
HANKYEOL,1,1
Youngae,1,1
Apichaya,1,1
Ayal,1,1
Marketa,1,1
Terrance,1,1
nadia,1,1
Humberto,1,1
Hee-Tak,1,1
YOUNGRIM,1,1
Terezia,1,1
liao,1,1
Gavin,1,1
Jonathon,1,1
hoyoul,1,1
SOLA,1,1
Koichi,1,1
sin,1,1
yunjeong,1,1
성욱,1,1
HYESU,1,1
alvin,1,1
Dohyeon,1,1
KOOK,1,1
FRANK,1,1
Đới,1,1
Lamjai,1,1
Shang-Yi,1,1
jang,1,1
은수,1,1
재원,1,1
MINGJUN,1,1
QIYUN,1,1
Dân,1,1
Myong,1,1
Anna-Liisa,1,1
Ei,1,1
Haley,1,1
Pornsiri,1,1
MIKYOUNG,1,1
DONGSHIN,1,1
Mohit,1,1
jennifer,1,1
Stian,1,1
Herve,1,1
Yurim,1,1
Raimie,1,1
Sukanya,1,1
Siow,1,1
Niklas,1,1
fang,1,1
lương,1,1
LĐLĐ,1,1
tony,1,1
Annabell,1,1
sangkwon,1,1
LAU,1,1
혜진,1,1
youngwook,1,1
THAT,1,1
JUNGIM,1,1
AERI,1,1
Jesus,1,1
Miseung,1,1
liezle,1,1
hyunyi,1,1
Orestas,1,1
YOHAN,1,1
XIONG,1,1
CAO,1,1
Giles,1,1
PANG,1,1
Pengsheng,1,1
Rui,1,1
Huynono,1,1
TIM,1,1
Dưỡng,1,1
Dipti,1,1
Андрей,1,1
혜수,1,1
유라,1,1
YUTING,1,1
Manal,1,1
pattama,1,1
hi,1,1
Hoc,1,1
Monserrat,1,1
Soh,1,1
나래,1,1
ichiro,1,1
Minwoong,1,1
hanmireu,1,1
Marina,1,1
Shaling,1,1
Jinju,1,1
jungdong,1,1
Falko,1,1
HOSIK,1,1
Camilla,1,1
Eunchong,1,1
ĐỊNH,1,1
Rain,1,1
Juna,1,1
Tetiana,1,1
HANKYU,1,1
ÁNH,1,1
DAN,1,1
WonBin,1,1
CHUNGHYUN,1,1
THÙY,1,1
shahram,1,1
Reinhold,1,1
Olgie,1,1
TAKASHI,1,1
Brittany,1,1
Boris,1,1
MOONSONG,1,1
Sĩ,1,1
MIHO,1,1
PREEYA,1,1
JIYOUN,1,1
aftermarket,1,1
ZHIHENG,1,1
xuyen,1,1
Mieu,1,1
Landung,1,1
RYU,1,1
youngil,1,1
GUKHYEON,1,1
Minjun,1,1
Inhyeok,1,1
HYUNSEONG,1,1
WAT,1,1
DONGYEONG,1,1
AH,1,1
HỘI,1,1
Kazumi,1,1
Mint,1,1
Seunghee,1,1
asier,1,1
Zhihao,1,1
Minhwan,1,1
Pakvaran,1,1
슬비내리는,1,1
THINH,1,1
KAHWA,1,1
Miyawati,1,1
LUO,1,1
HAMAMOTO,1,1
Linn,1,1
ManVay,1,1
Che,1,1
Minwoo,1,1
Malgorzata,1,1
HOON,1,1
Boyan,1,1
Bạch,1,1
Janan,1,1
Haneui,1,1
YANHUA,1,1
Ruediger,1,1
Daisy,1,1
Pjong,1,1
SOYOUNG,1,1
JAEPIL,1,1
Juneyong,1,1
Johny,1,1
하은,1,1
spreeewell,1,1
Futoshi,1,1
Vuba,1,1
Izzy,1,1
JACK,1,1
FranK,1,1
BONA,1,1
Hyoseok,1,1
HyunHo,1,1
THOMAS,1,1
wonsul,1,1
MINKYU,1,1
Kristine,1,1
Khổng,1,1
Kyeongmin,1,1
BeomJun,1,1
Kalasai,1,1
Rqick,1,1
Hyunjae,1,1
Captain,1,1
Zel,1,1
shinhye,1,1
YR,1,1
Babloo,1,1
Tish,1,1
HAIYAN,1,1
HYEONJIN,1,1
huudanh,1,1
Gledison,1,1
Minhui,1,1
졔졔,1,1
새싹,1,1
MONGKON,1,1
정선,1,1
Asmidar,1,1
쯩으니,1,1
Liou,1,1
MITSUTOSHI,1,1
석주,1,1
JHENG,1,1
YunTae,1,1
yadong,1,1
GA,1,1
Fraida,1,1
thụy,1,1
Marcin,1,1
Noriko,1,1
hooper,1,1
Đạo,1,1
fotini,1,1
Bộ,1,1
Taekyung,1,1
Miggy,1,1
CHIEMI,1,1
Murat,1,1
Fu,1,1
jinwon,1,1
YOONKI,1,1
Tô,1,1
Nikita,1,1
Myeongseon,1,1
adi,1,1
SUNYOUNG,1,1
AIKO,1,1
Herman,1,1
jaeho,1,1
Newborn,1,1
OOI,1,1
eresa,1,1
yu-ting,1,1
Tac,1,1
hayeon,1,1
Aditya,1,1
Duân,1,1
Teo,1,1
yaping,1,1
Asier,1,1
Patsorn,1,1
Kanjana,1,1
Micheal,1,1
Woojung,1,1
jingli,1,1
HYEJEONG,1,1
chau,1,1
kirk,1,1
đặng,1,1
Youngsuk,1,1
jaesung,1,1
yeo,1,1
DEOKJIN,1,1
Jooyean,1,1
Zac,1,1
TUYET,1,1
Hee,1,1
tobian,1,1
Yuliia,1,1
Seungkwon,1,1
Taechinee,1,1
Antje,1,1
jinghua,1,1
Odette,1,1
junghyeon,1,1
문서연,1,1
Navkaran,1,1
Wansiri,1,1
Hongchuan,1,1
Tore,1,1
xy,1,1
Hasan,1,1
Yuko,1,1
Changly,1,1
สิชาพัชร์,1,1
Fubiao,1,1
HYOUNGJIN,1,1
민화,1,1
Chie,1,1
Mihaela,1,1
Rubini,1,1
S.P,1,1
Darima,1,1
Betina,1,1
Molly,1,1
eunchae,1,1
JAEHYEOP,1,1
Yeonjoo,1,1
AKIKO,1,1
URIM,1,1
YAYING,1,1
Gyueun,1,1
yeonu,1,1
rokkyeong,1,1
Xunci,1,1
정영석,1,1
JONGWOOK,1,1
Chaekyeung,1,1
Zan,1,1
인준,1,1
SEUNGMIN,1,1
Khiêm,1,1
chitai,1,1
Tuổi,1,1
HANSOL,1,1
HIEU,1,1
JUNTAO,1,1
하얀,1,1
ETSUKO,1,1
Thanannop,1,1
JIHA,1,1
JiHwan,1,1
Bắc,1,1
HyeY,1,1
tera,1,1
larry,1,1
ki,1,1
Kerry,1,1
Katheryn,1,1
EUNAE,1,1
nico,1,1
Berenice,1,1
Traci,1,1
jam,1,1
NI,1,1
Nikhil,1,1
MINHAE,1,1
Kwee,1,1
truc,1,1
Chấn,1,1
Nunik,1,1
JIA,1,1
JUYOUNG,1,1
Brad,1,1
a,1,1
WEILUEN,1,1
Hán,1,1
JAEKWON,1,1
Yeow,1,1
Jolie,1,1
Elvira,1,1
Trudy,1,1
jinho,1,1
Dusan,1,1
zhao,1,1
wongyu,1,1
patchara,1,1
JUNGGUL,1,1
WEE,1,1
XUÂN,1,1
Borhun,1,1
성언,1,1
Brandy,1,1
vương,1,1
원정,1,1
상미,1,1
J_EUN,1,1
norman,1,1
YONGHYUN,1,1
WANTZU,1,1
Dante,1,1
Jeongwon,1,1
JUNBIAO,1,1
Prakash,1,1
S.-J.,1,1
HEEHWAN,1,1
Nicky,1,1
affendi,1,1
YEASUNG,1,1
Hye-jin,1,1
Tri-Dat,1,1
Pink,1,1
Varaporn,1,1
chohee,1,1
wu,1,1
SEOUL,1,1
Lian,1,1
Jeannie,1,1
seoyoori,1,1
퉷,1,1
JIYUL,1,1
Achara,1,1
Kee,1,1
sol,1,1
Huyềnn,1,1
junhee,1,1
TUONG,1,1
Ke,1,1
JUNGHOO,1,1
juyun,1,1
Yelena,1,1
롸기,1,1
Levitan,1,1
TT,1,1
helen,1,1
Lauren,1,1
Hadyanto,1,1
joonho,1,1
Nhừm,1,1
pat,1,1
Tok,1,1
YOUNGSIN,1,1
Jaehwan,1,1
Aunnop,1,1
coco,1,1
Chase,1,1
웅철,1,1
miscellaneous,1,1
XUE,1,1
julie,1,1
anamaria,1,1
Vincy,1,1
YOUJIAN,1,1
dủ,1,1
Bipin,1,1
kwanyong,1,1
Aaang,1,1
Josiedette,1,1
Amadeu,1,1
BO,1,1
Myeong,1,1
ATCHARARAT,1,1
ton,1,1
Shania,1,1
OKKYU,1,1
Shikha,1,1
DAHARI,1,1
Etay,1,1
JIEYING,1,1
Hiệu,1,1
SARAH,1,1
Trajche,1,1
SUSAN,1,1
HOANG-ANH,1,1
Dmitriy,1,1
JUNGHYUN,1,1
dongin,1,1
건희,1,1
seunghee,1,1
Zvi,1,1
Evgeniy,1,1
DAEGYEOM,1,1
Mantong,1,1
Iveta,1,1
Zuoxin,1,1
YANJUN,1,1
yingbiao,1,1
Jewoo,1,1
Isa,1,1
SMART-YOGA.,1,1
SIYEON,1,1
Phàng,1,1
Minaa,1,1
Wanida,1,1
Gi,1,1
YOUNGSU,1,1
Hwanji,1,1
SONGYI,1,1
TONY,1,1
Wonkwon,1,1
Riog,1,1
Jaspreet,1,1
KATSUMI,1,1
Punam,1,1
YONGYI,1,1
graeme,1,1
HANBIT,1,1
BOMYI,1,1
Rhonda,1,1
MOON,1,1
Panrittawari,1,1
규희,1,1
Tani,1,1
Clement,1,1
은서,1,1
lingtao,1,1
SEOJEONG,1,1
JAEKWANG,1,1
Evgenia,1,1
Đô,1,1
Abigail,1,1
JAEYUL,1,1
KHNG,1,1
영삼,1,1
phayao,1,1
빵뿡빵,1,1
steven,1,1
Diện,1,1
WOOBIN,1,1
kyungmi,1,1
Rinn,1,1
YURI,1,1
Tudor,1,1
Selena,1,1
HEEWON,1,1
GUNHEE,1,1
daehwan,1,1
THE,1,1
HyunSoo,1,1
Khâm,1,1
seohyeon,1,1
Wanhua,1,1
YONGNING,1,1
Kisang,1,1
Ofir,1,1
김재광,1,1
Sasathorn,1,1
Zubeida,1,1
TAEHAN,1,1
hanne,1,1
Sigmund,1,1
Ellena,1,1
ZONGLONG,1,1
Nurfaranadia,1,1
SUNGJU,1,1
하나,1,1
Martyn,1,1
Hyeonjin,1,1
Hyeseo,1,1
CHAEYOUNG,1,1
TAEJI,1,1
Frances,1,1
규성,1,1
Haengwook,1,1
Ys,1,1
byeonguk,1,1
seoyoung,1,1
miae,1,1
Tsu,1,1
WILLIAM,1,1
WOOMAN,1,1
HYEJOO,1,1
Mariana,1,1
Anne-Gaud,1,1
Preetpall,1,1
철,1,1
Paez,1,1
FunkyBambi,1,1
Bhavesh,1,1
sunmi,1,1
KYUNGJIN,1,1
MOONGYU,1,1
민섭,1,1
Siriluk,1,1
ZIYING,1,1
기현,1,1
HOEJU,1,1
Ung,1,1
Phan_Thi,1,1
SERA,1,1
Dilum,1,1
heath,1,1
피아,1,1
Jekyung,1,1
Justine,1,1
Anisah,1,1
winnie,1,1
JATURONG,1,1
닿,1,1
IRNIRATNA,1,1
jessica,1,1
Ga,1,1
Dasol,1,1
Kritiphong,1,1
Nellie,1,1
Bubu,1,1
희주,1,1
her,1,1
Mah,1,1
Lean,1,1
isabel,1,1
Melodie,1,1
Seokjin,1,1
ahreum,1,1
꼬르,1,1
Mesut,1,1
Likke,1,1
SUNGON,1,1
hyunjeong,1,1
TETSUYA,1,1
Sansern,1,1
jongho,1,1
CHUNGHWAN,1,1
Agnaldo,1,1
송연,1,1
yelim,1,1
EFTHYMIOS,1,1
Flamur,1,1
kiki,1,1
SUNHYEOK,1,1
OKHEE,1,1
jeongeon,1,1
Shan,1,1
Bàng,1,1
BYEONGJIN,1,1
유창,1,1
Chakkri,1,1
doheon,1,1
HOUNGSIK,1,1
Sinduja,1,1
Patrada,1,1
Blackmouth,1,1
yadi,1,1
frederic,1,1
Fei,1,1
Doohwi,1,1
TRA,1,1
Star,1,1
JOONHO,1,1
Taehee,1,1
Claudio,1,1
Prashant,1,1
Inna,1,1
HYUNGSIK,1,1
gui,1,1
editha,1,1
wash,1,1
Seung-ho,1,1
ILYEOP,1,1
KYOUNGHEE,1,1
JAWUN,1,1
anthony,1,1
HYEONYE,1,1
Beni,1,1
Daire,1,1
Sandesh,1,1
sangmok,1,1
HON,1,1
kym,1,1
Vienky,1,1
seungwon,1,1
Alexis,1,1
Faruk,1,1
DIỆU,1,1
홍진,1,1
Erwin,1,1
Ксения,1,1
kyungsu,1,1
영민,1,1
CHA,1,1
hyesu,1,1
Wanbum,1,1
KISEONG,1,1
CHAEHEE,1,1
miran,1,1
Boyoung,1,1
Sc,1,1
SIWON,1,1
sergelen,1,1
SEJUNG,1,1
Zhen,1,1
Hyeongmin,1,1
Max,1,1
mindoc,1,1
JIE,1,1
then,1,1
JIHO,1,1
helene,1,1
JONGHYK,1,1
반짝반짝,1,1
Abhijeet,1,1
Sáng,1,1
Satwant,1,1
Aika,1,1
Lesley,1,1
Kwangseok,1,1
isiguro,1,1
Jelle,1,1
shinhwa,1,1
Gyeonghan,1,1
petit,1,1
kieu,1,1
서영,1,1
MING,1,1
Yao,1,1
praewrudee,1,1
Tự,1,1
suryuen,1,1
JUYONG,1,1
minyoung,1,1
Duyet,1,1
jiyean,1,1
Thuyhong,1,1
JUSEOK,1,1
Kulthida,1,1
nicky,1,1
Jewel,1,1
Motana,1,1
kingkk,1,1
Sabine,1,1
Madina,1,1
BEL,1,1
HOSEOK,1,1
TINGTING,1,1
VIKRAM,1,1
cheuk,1,1
sunyoung,1,1
SOOK,1,1
Tulio,1,1
Tistol,1,1
khalil,1,1
KICHEOL,1,1
maria,1,1
Hyeyeong,1,1
Kyunghwa,1,1
ᴺᴬᴿᴬᴱ,1,1
은정,1,1
yanhuan,1,1
Xochitl,1,1
koh,1,1
HYEONG,1,1
SooJung,1,1
Emi,1,1
Bonnie,1,1
Arvind,1,1
Nghiep,1,1
sangmoo,1,1
MENGYUE,1,1
Mạc,1,1
펀맨,1,1
ELLIOTT,1,1
Rebekah,1,1
혜영,1,1
Oh,1,1
sugyeong,1,1
혜원,1,1
FUNG,1,1
Golovachev,1,1
TaeYoung,1,1
Yatin,1,1
Shinobu,1,1
FUMIE,1,1
Kyudong,1,1
Kyeol,1,1
tikkam,1,1
NALA,1,1
HwiSeok,1,1
KangYoung,1,1
JYOTINDRA,1,1
Tasmyn,1,1
semyung,1,1
홍구구,1,1
BATO,1,1
Youngmi,1,1
hongthu,1,1
HEESOO,1,1
Heera,1,1
Colin,1,1
Mooka,1,1
Hongsung,1,1
Mario,1,1
Brendon,1,1
SHIDING,1,1
Marko,1,1
Mira,1,1
ANDREY,1,1
sj,1,1
Nikolaos,1,1
seoie,1,1
Jiari,1,1
Yelim,1,1
JAESEON,1,1
GEEHONG,1,1
la,1,1
임기,1,1
hakim,1,1
Prakkod,1,1
ömer,1,1
MINJU,1,1
liming,1,1
Saner,1,1
Elgan,1,1
HYUNKI,1,1
Hyungju,1,1
백,1,1
sukanda,1,1
YEONSOO,1,1
Matt,1,1
ailee,1,1
조민지,1,1
TRIẾT,1,1
YOUNGIN,1,1
Hyungyu,1,1
olivier,1,1
Suzanne,1,1
yoshiyuki,1,1
YUAN,1,1
Fay,1,1
CLARK,1,1
Gökhan,1,1
JinHyeok,1,1
thierry,1,1
Saemi,1,1
Juan,1,1
Viktoriia,1,1
Junhai,1,1
Jelmer,1,1
Trăm,1,1
TRUC,1,1
규혜,1,1
DAYEON,1,1
El,1,1
caroline,1,1
hyungu,1,1
SAM,1,1
Hyun-woo,1,1
Ms,1,1
ELMER,1,1
Ubin,1,1
Margie,1,1
Jianhua,1,1
tìm,1,1
Garyeong,1,1
YEONCHAE,1,1
jungah,1,1
SUNGYOUL,1,1
HYEONJOUNG,1,1
Kseniia,1,1
Izanzarita,1,1
Hyosik,1,1
Sangeun,1,1
김승환,1,1
EVGENIY,1,1
JAYMES,1,1
jinsook,1,1
marina,1,1
Thiêm,1,1
Angus,1,1
TA,1,1
Seongmi,1,1
meihsiu,1,1
Ba,1,1
선민,1,1
Happi,1,1
rachanon,1,1
Jieon,1,1
성현,1,1
CHẤN,1,1
Seowon,1,1
영화,1,1
Cap,1,1
TẠ,1,1
shinwha,1,1
Inchul,1,1
ALICE,1,1
Yoojin,1,1
VISANOU,1,1
Tuyển,1,1
디,1,1
Hyungseok,1,1
Nfÿc,1,1
hyeonjeong,1,1
JAEDUG,1,1
Siriwan,1,1
jisung,1,1
ross,1,1
SHINJAE,1,1
김성은,1,1
kyuhwan,1,1
Glen,1,1
Dayoung,1,1
YINGYI,1,1
Gregir,1,1
Angela,1,1
cheahwa,1,1
joohee,1,1
교은,1,1
daum,1,1
Beth,1,1
HIU,1,1
민진,1,1
junghee,1,1
SUJEONG,1,1
빈,1,1
PALLY,1,1
heaseung,1,1
gwiyeong,1,1
tjkara,1,1
Marvin,1,1
Guangzhi,1,1
jongyun,1,1
Aiji,1,1
Joonsang,1,1
HYEONJU,1,1
shina,1,1
Minjoung,1,1
Okin,1,1
Mì,1,1
daphny,1,1
JEONGHYUN,1,1
Tuye,1,1
ttlien,1,1
Samir,1,1
MoShi,1,1
TAKESHI,1,1
Idan,1,1
Juwon,1,1
Magnolia,1,1
hyeyoon,1,1
Woam,1,1
Artemii,1,1
Ricardo,1,1
SOOHYE,1,1
기훈,1,1
Dongshuo,1,1
Migyeong,1,1
Nhựt,1,1
역사,1,1
Jens-Joachim,1,1
Claudia,1,1
jinsan,1,1
DONGYEOP,1,1
dietmar,1,1
ioku,1,1
SEONGMO,1,1
Andrii,1,1
Ho-young,1,1
isao,1,1
Hyeran,1,1
Erick,1,1
Tomohiro,1,1
Sheh,1,1
Lennart,1,1
Tínhz,1,1
KEEHONG,1,1
MINGYOUNG,1,1
KyungJong,1,1
Lysa,1,1
Vũ,1,1
Stella,1,1
Jin-young,1,1
ching,1,1
YULIM,1,1
BAU,1,1
GOD,1,1
Mnd,1,1
gerard,1,1
RUMIKO,1,1
PHILLIP,1,1
Koob,1,1
Machsankhans,1,1
Aloha,1,1
Minsu,1,1
HyungGi,1,1
Wicky,1,1
해주,1,1
Tuệ,1,1
Doanh,1,1
Abdulghani,1,1
Seombee,1,1
Chaweewan,1,1
Anjali,1,1
mengting,1,1
CHOROK,1,1
Byungyong,1,1
Asyraf,1,1
DASEUL,1,1
MUBIRU,1,1
Harper,1,1
JUNGHO,1,1
Pentti,1,1
KWANGHOON,1,1
Đường,1,1
Taegeon,1,1
elle,1,1
Tatsuya,1,1
Nhanh,1,1
Galvin,1,1
EONJUNG,1,1
MUN,1,1
Jusuk,1,1
wade,1,1
Myeongha,1,1
광순,1,1
HSIAO,1,1
Asmita,1,1
WONJAE,1,1
Suhwa,1,1
fariha,1,1
SANGUN,1,1
byoungjun,1,1
sungkuk,1,1
Jyenel,1,1
Katy,1,1
Đá,1,1
yash,1,1
um,1,1
Gyudae,1,1
Phyllis,1,1
Kyujong,1,1
김의진,1,1
NAMHEE,1,1
Soren,1,1
KOSHIN,1,1
Alwyn,1,1
VÂN,1,1
힝이,1,1
matti,1,1
ZHUOFAN,1,1
sunha,1,1
31.,1,1
ran,1,1
ray,1,1
EUNHEE,1,1
tia,1,1
Fang,1,1
insub,1,1
HWON,1,1
Hsamudin,1,1
Yueun,1,1
Naoto,1,1
KIMIYO,1,1
Toru,1,1
Kostya,1,1
세희,1,1
太樹,1,1
JANGGYU,1,1
Adrelia,1,1
namhee,1,1
Khói,1,1
CHUQIAN,1,1
jonah,1,1
Yuxi,1,1
ĐĂNG,1,1
HELENE,1,1
trọng,1,1
Anup,1,1
병걸,1,1
Zengshiting,1,1
AbdulSami,1,1
TAEHOON,1,1
HIROYASU,1,1
HYOWON,1,1
EUNSU,1,1
Hyungon,1,1
PHUA,1,1
gwangtae,1,1
Tinh,1,1
sheng,1,1
Yoke,1,1
sreejith,1,1
jungku,1,1
Wonyoung,1,1
MAY,1,1
SEON,1,1
Ed,1,1
Vượng,1,1
Gil,1,1
KyungMin,1,1
Viết,1,1
Pataradorn,1,1
원석,1,1
Komal,1,1
ZHI,1,1
Yenny,1,1
민식,1,1
gwangu,1,1
XYU,1,1
HB,1,1
Mahesh,1,1
mau,1,1
Aron,1,1
Thin,1,1
Kylie,1,1
secret,1,1
Kyuho,1,1
경화,1,1
daewon,1,1
Frederique,1,1
Vhpk,1,1
junseok,1,1
JeongWoo,1,1
Carole,1,1
TAKAKO,1,1
채윤,1,1
Murugaraj,1,1
hữu,1,1
Tầm,1,1
Tieu,1,1
Nalke,1,1
Trynh,1,1
jessie,1,1
JEONGYONG,1,1
Tyson,1,1
Hyungkyoo,1,1
fei,1,1
Shae,1,1
솔,1,1
Vietnam,1,1
Piyachat,1,1
YUKA,1,1
XuanAnh,1,1
seunghui,1,1
Stefano,1,1
Steffen,1,1
LI-CHIEH,1,1
Cameron,1,1
jiseung,1,1
Seokmin,1,1
Gladys,1,1
Ron,1,1
HEEJOO,1,1
Byung,1,1
MIJU,1,1
saco222,1,1
Kazuya,1,1
수현,1,1
SuJeong,1,1
Tog,1,1
minha,1,1
Kanae,1,1
Salawati,1,1
dae-sik,1,1
kwangwoon,1,1
Chon,1,1
Bernhard,1,1
jeungah,1,1
he,1,1
TAIMIN,1,1
Myungmi,1,1
Hyukju,1,1
natalie,1,1
Kanoklak,1,1
su-yeon,1,1
HYUNGJU,1,1
JeongHyeon,1,1
Stacia,1,1
hwang,1,1
BÁ,1,1
Muk,1,1
Meruyet,1,1
VIỆT,1,1
승현,1,1
changsu,1,1
eunuie,1,1
Trắc,1,1
yongkyun,1,1
GEONHOO,1,1
Romeo,1,1
Mong,1,1
HỮU,1,1
thành,1,1
켓몬,1,1
KAILI,1,1
họa,1,1
Магомед,1,1
Chanhee,1,1
Ramah,1,1
VIZJAK,1,1
Preethi,1,1
ou,1,1
jongwook,1,1
JayoungThe,1,1
Sik,1,1
Nant,1,1
Volodymyr,1,1
kona,1,1
Narakorn,1,1
Lode,1,1
Sanghwa,1,1
Nakwoo,1,1
Yuh,1,1
희,1,1
Lyi,1,1
예서,1,1
JUNGIN,1,1
hyekyoung,1,1
mo,1,1
Liudmila,1,1
Merri,1,1
Minsun,1,1
SeungHyun,1,1
nguyentanphuong1968,1,1
BÙI,1,1
INYONG,1,1
Kyungha,1,1
